op	width	scale	prod_ns	branch_ns	delta_ns	delta_pct	ratio
add	D18	9	0.935	1.245	0.310	33.175	1.3318
add	D18	4	0.936	1.246	0.310	33.120	1.3312
sqrt	D1232	0	300.846	353.002	52.156	17.336	1.1734
mul	D38	0	2.949	3.456	0.507	17.198	1.1720
acos	D462	115	28501.321	33362.688	4861.367	17.057	1.1706
sqrt	D307	0	141.981	164.491	22.510	15.854	1.1585
to_degrees	D1232	1231	28726.512	33247.867	4521.355	15.739	1.1574
mul	D462	115	269.108	306.311	37.203	13.824	1.1382
exp	D462	115	14615.809	16602.421	1986.612	13.592	1.1359
div	D462	231	647.965	735.616	87.652	13.527	1.1353
to_radians	D1232	1231	30772.550	34851.819	4079.268	13.256	1.1326
asinh	D462	115	36539.481	41073.690	4534.209	12.409	1.1241
exp	D1232	1231	2669052.850	2992352.722	323299.872	12.113	1.1211
cosh	D1232	1231	2678644.550	3001375.389	322730.839	12.048	1.1205
sinh	D1232	1231	2682605.000	3001869.333	319264.333	11.901	1.1190
tanh	D1232	1231	2696729.200	3016342.333	319613.133	11.852	1.1185
sqrt	D924	0	211.262	234.480	23.217	10.990	1.1099
acosh	D462	115	22335.575	24697.889	2362.314	10.576	1.1058
hypot	D230	0	14.626	15.925	1.300	8.886	1.0889
div	D18	9	5.516	5.996	0.481	8.713	1.0871
cos	D38	0	2.896	3.131	0.235	8.120	1.0812
to_radians	D230	0	563.089	607.552	44.463	7.896	1.0790
to_radians	D153	38	837.442	902.494	65.051	7.768	1.0777
cos	D462	0	124.889	134.335	9.447	7.564	1.0756
to_degrees	D153	38	580.411	623.026	42.615	7.342	1.0734
ln	D38	37	371.074	397.825	26.751	7.209	1.0721
neg	D38	37	1.324	1.415	0.091	6.886	1.0689
ln	D18	9	364.001	388.557	24.556	6.746	1.0675
to_radians	D57	42	429.535	456.818	27.283	6.352	1.0635
ln	D38	19	398.810	421.813	23.003	5.768	1.0577
ln	D38	9	387.672	408.324	20.652	5.327	1.0533
ln	D18	13	396.692	417.745	21.054	5.307	1.0531
sqrt	D462	0	157.463	165.603	8.141	5.170	1.0517
sin	D153	38	5086.849	5347.852	261.004	5.131	1.0513
ln	D38	28	313.114	328.338	15.223	4.862	1.0486
cos	D153	38	5376.186	5627.226	251.040	4.669	1.0467
atan	D18	9	2568.414	2687.756	119.341	4.646	1.0465
powf	D230	0	168.493	176.230	7.738	4.592	1.0459
rem	D153	114	16.221	16.955	0.734	4.528	1.0453
to_degrees	D115	0	443.954	463.626	19.672	4.431	1.0443
to_radians	D153	114	1079.384	1126.651	47.268	4.379	1.0438
hypot	D57	0	16.596	17.297	0.701	4.226	1.0423
tan	D153	38	6785.629	7063.365	277.736	4.093	1.0409
to_degrees	D57	42	318.690	331.723	13.033	4.090	1.0409
atanh	D76	0	525.901	547.310	21.410	4.071	1.0407
acos	D230	115	36507.069	37992.915	1485.846	4.070	1.0407
powf	D1232	1231	2645751.000	2752988.000	107237.000	4.053	1.0405
ln	D18	17	343.410	357.318	13.908	4.050	1.0405
neg	D230	0	3.667	3.815	0.148	4.045	1.0404
mul	D38	19	28.955	30.118	1.164	4.019	1.0402
ln	D153	0	300.152	311.465	11.312	3.769	1.0377
to_degrees	D153	114	847.658	879.086	31.428	3.708	1.0371
atanh	D230	57	14118.270	14627.813	509.544	3.609	1.0361
powf	D230	57	7604.853	7876.462	271.609	3.572	1.0357
ln	D153	76	647.334	670.025	22.690	3.505	1.0351
to_degrees	D115	57	692.128	716.234	24.106	3.483	1.0348
to_radians	D153	76	965.902	999.453	33.551	3.474	1.0347
to_degrees	D230	0	322.792	333.685	10.894	3.375	1.0337
neg	D230	115	5.355	5.534	0.180	3.353	1.0335
div	D924	923	4374.662	4518.664	144.002	3.292	1.0329
cbrt	D462	0	348.633	360.078	11.445	3.283	1.0328
ln	D230	57	359.330	371.035	11.704	3.257	1.0326
tan	D1232	1231	2417764.000	2495230.800	77466.800	3.204	1.0320
sinh	D153	76	15241.536	15724.257	482.721	3.167	1.0317
sin	D1232	1231	2290416.227	2362148.182	71731.955	3.132	1.0313
sqrt	D616	0	233.008	240.223	7.215	3.096	1.0310
ln	D153	38	505.403	520.991	15.588	3.084	1.0308
atan	D1232	1231	3124524.444	3220015.500	95491.056	3.056	1.0306
tan	D616	154	34035.654	35075.066	1039.412	3.054	1.0305
cosh	D153	76	15104.554	15562.500	457.947	3.032	1.0303
hypot	D924	0	91.283	94.036	2.753	3.016	1.0302
cos	D1232	1231	2314006.227	2383560.364	69554.136	3.006	1.0301
mul	D1232	924	8042.450	8283.835	241.385	3.001	1.0300
mul	D38	37	26.837	27.635	0.798	2.973	1.0297
ln	D616	0	1360.727	1400.376	39.649	2.914	1.0291
asin	D1232	1231	3253038.625	3347563.625	94525.000	2.906	1.0291
to_radians	D18	4	150.353	154.718	4.365	2.903	1.0290
atanh	D115	0	1088.915	1120.500	31.585	2.901	1.0290
acos	D1232	1231	3260855.500	3353372.125	92516.625	2.837	1.0284
neg	D462	231	31.543	32.433	0.890	2.821	1.0282
to_radians	D153	152	1110.111	1141.424	31.312	2.821	1.0282
sinh	D462	461	156379.656	160787.329	4407.673	2.819	1.0282
add	D462	231	48.155	49.503	1.348	2.798	1.0280
asinh	D153	76	21869.948	22479.432	609.484	2.787	1.0279
to_degrees	D57	28	318.083	326.947	8.863	2.786	1.0279
atan	D616	154	55858.722	57393.414	1534.692	2.747	1.0275
tanh	D153	76	16145.131	16582.793	437.662	2.711	1.0271
to_radians	D76	0	306.321	314.456	8.135	2.656	1.0266
rem	D115	28	12.442	12.765	0.323	2.600	1.0260
atanh	D307	0	1590.085	1631.371	41.285	2.596	1.0260
asinh	D153	114	33174.061	34032.019	857.958	2.586	1.0259
rem	D115	57	12.456	12.777	0.320	2.571	1.0257
sin	D616	154	29437.373	30192.236	754.863	2.564	1.0256
atan	D18	17	2813.444	2885.497	72.052	2.561	1.0256
to_degrees	D230	57	498.446	511.176	12.730	2.554	1.0255
rem	D616	154	79.663	81.676	2.013	2.527	1.0253
mul	D1232	1231	12728.128	13049.128	320.999	2.522	1.0252
sub	D462	346	41.142	42.175	1.033	2.510	1.0251
rem	D115	114	10.902	11.175	0.273	2.506	1.0251
atanh	D153	0	922.324	945.420	23.096	2.504	1.0250
atanh	D153	38	14522.320	14885.842	363.522	2.503	1.0250
to_degrees	D153	76	721.981	739.602	17.622	2.441	1.0244
ln	D307	153	1097.795	1124.556	26.761	2.438	1.0244
exp	D153	38	7216.536	7392.301	175.765	2.436	1.0244
to_degrees	D153	152	908.241	930.285	22.044	2.427	1.0243
sqrt	D462	231	5020.924	5141.221	120.297	2.396	1.0240
rem	D76	38	5.928	6.069	0.141	2.385	1.0238
sin	D57	28	4399.951	4503.958	104.007	2.364	1.0236
asin	D462	231	110306.627	112897.421	2590.794	2.349	1.0235
exp	D57	28	4295.233	4395.249	100.016	2.329	1.0233
cbrt	D1232	0	844.500	864.144	19.644	2.326	1.0233
acosh	D1232	1231	2890893.444	2958126.778	67233.333	2.326	1.0233
to_radians	D38	9	204.941	209.663	4.722	2.304	1.0230
cbrt	D57	0	318.662	325.932	7.270	2.282	1.0228
ln	D115	57	618.556	632.656	14.099	2.279	1.0228
mul	D76	19	37.807	38.666	0.859	2.273	1.0227
sin	D230	57	6342.274	6486.184	143.911	2.269	1.0227
sqrt	D153	76	1577.247	1612.855	35.607	2.258	1.0226
acosh	D76	0	3665.591	3747.304	81.713	2.229	1.0223
tan	D153	76	12010.592	12276.434	265.843	2.213	1.0221
to_radians	D18	9	193.227	197.477	4.250	2.200	1.0220
mul	D616	462	2271.701	2321.234	49.533	2.180	1.0218
to_degrees	D462	461	2529.188	2583.515	54.327	2.148	1.0215
asinh	D115	86	21897.543	22367.305	469.762	2.145	1.0215
cosh	D153	38	7829.747	7997.705	167.958	2.145	1.0215
sinh	D153	38	7868.445	8035.336	166.892	2.121	1.0212
atan	D462	231	93542.230	95520.004	1977.774	2.114	1.0211
atanh	D616	154	118547.042	121035.215	2488.172	2.099	1.0210
sin	D76	75	8764.259	8947.554	183.295	2.091	1.0209
cos	D57	28	4683.471	4780.398	96.927	2.070	1.0207
div	D462	461	989.829	1010.307	20.478	2.069	1.0207
mul	D1232	616	5031.626	5135.522	103.896	2.065	1.0206
exp	D230	57	7958.888	8122.984	164.096	2.062	1.0206
div	D57	28	66.807	68.181	1.374	2.057	1.0206
tanh	D153	38	8240.438	8409.800	169.362	2.055	1.0206
to_radians	D616	0	1788.737	1825.423	36.686	2.051	1.0205
exp	D38	0	1.056	1.077	0.022	2.051	1.0205
sinh	D57	0	10.371	10.582	0.211	2.035	1.0204
asinh	D153	38	15026.323	15332.133	305.809	2.035	1.0204
acos	D115	86	30151.860	30759.886	608.026	2.017	1.0202
cos	D616	154	30813.034	31422.594	609.559	1.978	1.0198
ln	D76	0	285.902	291.540	5.638	1.972	1.0197
mul	D924	462	2508.492	2557.704	49.212	1.962	1.0196
div	D616	462	1559.345	1589.782	30.437	1.952	1.0195
sinh	D153	0	15.896	16.206	0.310	1.948	1.0195
acosh	D616	154	72123.827	73517.787	1393.959	1.933	1.0193
to_radians	D307	76	1799.592	1834.269	34.678	1.927	1.0193
add	D462	461	25.824	26.321	0.497	1.925	1.0192
to_degrees	D115	114	771.217	785.817	14.599	1.893	1.0189
atanh	D1232	1231	5466731.900	5568935.200	102203.300	1.870	1.0187
add	D924	462	81.548	83.070	1.523	1.867	1.0187
mul	D924	923	7591.153	7732.743	141.590	1.865	1.0187
tanh	D76	0	2858.501	2911.193	52.692	1.843	1.0184
sin	D38	0	2.571	2.619	0.047	1.834	1.0183
acos	D153	114	42138.853	42908.653	769.800	1.827	1.0183
add	D616	615	43.248	44.038	0.790	1.826	1.0183
to_radians	D115	86	815.308	830.174	14.866	1.823	1.0182
sinh	D1232	924	911165.301	927483.060	16317.758	1.791	1.0179
exp	D462	461	151712.218	154427.932	2715.714	1.790	1.0179
ln	D57	28	475.181	483.614	8.433	1.775	1.0177
to_degrees	D1232	924	10876.670	11068.596	191.926	1.765	1.0176
ln	D616	154	1452.984	1478.400	25.416	1.749	1.0175
rem	D76	19	9.613	9.780	0.167	1.740	1.0174
tanh	D38	0	2.468	2.509	0.041	1.676	1.0168
asinh	D307	306	164969.587	167729.888	2760.301	1.673	1.0167
rem	D616	0	82.023	83.387	1.364	1.664	1.0166
tan	D76	75	10907.967	11088.782	180.815	1.658	1.0166
to_radians	D153	0	642.986	653.433	10.447	1.625	1.0162
rem	D115	86	9.057	9.203	0.146	1.613	1.0161
to_degrees	D307	230	2201.827	2237.146	35.320	1.604	1.0160
sinh	D153	114	22881.915	23246.593	364.678	1.594	1.0159
cosh	D76	57	8640.711	8777.117	136.405	1.579	1.0158
ln	D18	4	273.202	277.468	4.267	1.562	1.0156
mul	D924	693	5358.386	5441.567	83.181	1.552	1.0155
neg	D38	0	1.055	1.072	0.016	1.541	1.0154
tanh	D1232	0	4437.522	4505.830	68.308	1.539	1.0154
to_degrees	D76	19	323.512	328.436	4.924	1.522	1.0152
tanh	D616	615	345908.521	351172.589	5264.068	1.522	1.0152
tan	D153	114	21942.183	22273.684	331.501	1.511	1.0151
cbrt	D307	153	11109.214	11276.365	167.151	1.505	1.0150
to_degrees	D153	0	410.956	417.105	6.149	1.496	1.0150
to_radians	D57	28	419.338	425.604	6.266	1.494	1.0149
exp	D616	0	114.244	115.946	1.702	1.490	1.0149
to_radians	D1232	924	12443.197	12628.553	185.357	1.490	1.0149
tan	D230	172	40814.525	41418.124	603.599	1.479	1.0148
powf	D76	19	4509.990	4576.091	66.101	1.466	1.0147
sub	D616	308	62.085	62.994	0.908	1.463	1.0146
asinh	D307	153	67283.313	68262.281	978.968	1.455	1.0145
asin	D230	115	36887.310	37423.542	536.232	1.454	1.0145
mul	D616	0	91.695	93.026	1.331	1.452	1.0145
asin	D115	86	30315.814	30753.065	437.251	1.442	1.0144
sinh	D76	57	8674.632	8799.586	124.954	1.440	1.0144
asin	D616	615	534266.200	541916.857	7650.657	1.432	1.0143
acosh	D115	57	13093.335	13280.548	187.213	1.430	1.0143
mul	D462	346	1829.673	1855.709	26.035	1.423	1.0142
div	D616	615	1998.514	2026.900	28.386	1.420	1.0142
to_degrees	D616	308	3092.676	3135.830	43.154	1.395	1.0140
asinh	D1232	1231	2870549.333	2910221.444	39672.111	1.382	1.0138
asinh	D230	57	14701.340	14903.174	201.834	1.373	1.0137
cosh	D1232	924	912599.098	925120.009	12520.910	1.372	1.0137
to_degrees	D115	86	636.075	644.718	8.643	1.359	1.0136
cosh	D1232	0	357.188	362.026	4.838	1.355	1.0135
atanh	D115	57	19047.380	19301.449	254.069	1.334	1.0133
atanh	D230	172	74780.961	75774.313	993.352	1.328	1.0133
mul	D462	0	55.355	56.089	0.734	1.326	1.0133
tan	D307	76	16414.711	16631.025	216.314	1.318	1.0132
cosh	D153	114	22849.284	23149.915	300.631	1.316	1.0132
tan	D57	28	5834.601	5911.232	76.631	1.313	1.0131
sin	D230	172	35506.916	35971.716	464.800	1.309	1.0131
ln	D1232	616	4447.583	4505.350	57.766	1.299	1.0130
acosh	D230	57	9901.956	10030.502	128.545	1.298	1.0130
ln	D616	615	2974.488	3012.395	37.907	1.274	1.0127
exp	D76	75	11299.703	11443.459	143.756	1.272	1.0127
sqrt	D57	14	195.002	197.456	2.453	1.258	1.0126
tan	D76	19	5055.519	5118.717	63.198	1.250	1.0125
exp	D76	57	7830.462	7928.198	97.735	1.248	1.0125
exp	D153	114	21931.734	22201.835	270.101	1.232	1.0123
acosh	D57	56	7602.896	7696.436	93.540	1.230	1.0123
add	D230	115	13.762	13.929	0.166	1.210	1.0121
powf	D924	0	947.993	959.437	11.444	1.207	1.0121
to_degrees	D230	172	1291.976	1307.556	15.580	1.206	1.0121
acosh	D57	28	4937.712	4997.060	59.349	1.202	1.0120
sin	D76	19	3882.541	3929.147	46.605	1.200	1.0120
atanh	D1232	924	2720673.750	2753093.450	32419.700	1.192	1.0119
to_radians	D616	462	4135.796	4184.990	49.195	1.189	1.0119
ln	D307	230	1486.408	1503.856	17.448	1.174	1.0117
rem	D153	38	15.965	16.151	0.186	1.168	1.0117
exp	D307	76	16248.053	16437.690	189.637	1.167	1.0117
acosh	D230	172	44427.434	44944.160	516.726	1.163	1.0116
tan	D76	57	7585.454	7672.678	87.224	1.150	1.0115
to_radians	D57	0	288.142	291.455	3.313	1.150	1.0115
tan	D616	615	377671.790	381997.036	4325.245	1.145	1.0115
sqrt	D57	0	157.978	159.772	1.795	1.136	1.0114
mul	D616	308	1848.828	1869.832	21.004	1.136	1.0114
tanh	D153	114	23684.978	23953.674	268.696	1.134	1.0113
tan	D230	57	8011.545	8102.382	90.837	1.134	1.0113
acosh	D616	0	22160.747	22409.645	248.898	1.123	1.0112
cos	D230	172	35736.883	36137.441	400.557	1.121	1.0112
sqrt	D307	306	6950.473	7028.322	77.849	1.120	1.0112
asin	D616	308	218753.366	221199.036	2445.670	1.118	1.0112
to_degrees	D76	57	346.503	350.359	3.856	1.113	1.0111
acos	D230	172	69302.667	70063.815	761.149	1.098	1.0110
to_degrees	D230	229	1811.121	1830.996	19.876	1.097	1.0110
asin	D153	114	41850.659	42307.447	456.788	1.091	1.0109
hypot	D153	0	25.167	25.437	0.271	1.075	1.0108
atan	D230	172	63865.603	64544.761	679.158	1.063	1.0106
to_radians	D18	17	168.630	170.397	1.767	1.048	1.0105
cosh	D115	86	19175.199	19373.285	198.086	1.033	1.0103
ln	D616	462	2392.377	2416.992	24.614	1.029	1.0103
acosh	D153	38	10340.618	10446.714	106.096	1.026	1.0103
sub	D115	28	4.843	4.892	0.050	1.024	1.0102
hypot	D307	0	25.565	25.826	0.261	1.021	1.0102
div	D924	231	1107.571	1118.765	11.194	1.011	1.0101
powf	D76	75	5596.755	5652.834	56.078	1.002	1.0100
asinh	D76	57	9898.590	9997.084	98.494	0.995	1.0100
sub	D76	38	2.578	2.603	0.026	0.995	1.0100
rem	D307	153	42.830	43.255	0.425	0.992	1.0099
tan	D153	0	16.362	16.522	0.160	0.979	1.0098
acos	D616	615	535956.294	541198.308	5242.014	0.978	1.0098
powf	D307	0	299.787	302.713	2.926	0.976	1.0098
powf	D38	0	5.378	5.431	0.052	0.972	1.0097
sin	D616	615	349460.281	352850.494	3390.213	0.970	1.0097
tanh	D76	57	9001.401	9088.355	86.954	0.966	1.0097
acosh	D153	0	6504.085	6566.596	62.511	0.961	1.0096
atanh	D153	76	23642.680	23868.477	225.797	0.955	1.0096
to_radians	D616	308	3842.016	3878.685	36.669	0.954	1.0095
acos	D115	114	37273.456	37627.580	354.124	0.950	1.0095
powf	D57	56	5122.056	5170.525	48.469	0.946	1.0095
sqrt	D616	462	11128.191	11233.365	105.174	0.945	1.0095
rem	D307	0	32.599	32.904	0.305	0.935	1.0093
rem	D230	115	23.111	23.326	0.215	0.932	1.0093
cos	D57	42	5485.958	5537.018	51.061	0.931	1.0093
ln	D616	308	2013.536	2032.253	18.718	0.930	1.0093
exp	D153	76	15230.925	15370.636	139.711	0.917	1.0092
to_degrees	D57	0	180.141	181.778	1.637	0.909	1.0091
atanh	D616	308	314244.780	317082.207	2837.427	0.903	1.0090
to_degrees	D57	56	415.144	418.889	3.745	0.902	1.0090
asin	D616	154	61308.250	61861.052	552.801	0.902	1.0090
cos	D76	19	4079.821	4116.364	36.543	0.896	1.0090
sub	D115	57	4.842	4.886	0.043	0.895	1.0090
acos	D1232	308	216957.491	218858.814	1901.323	0.876	1.0088
atan	D230	115	33309.387	33598.321	288.934	0.867	1.0087
exp	D57	42	5645.812	5694.499	48.687	0.862	1.0086
tan	D230	229	75225.361	75874.047	648.686	0.862	1.0086
acosh	D153	114	22543.918	22737.998	194.080	0.861	1.0086
sqrt	D153	38	1089.651	1098.970	9.319	0.855	1.0086
sqrt	D38	0	5.393	5.439	0.046	0.851	1.0085
ln	D38	0	2.472	2.493	0.021	0.842	1.0084
sub	D76	75	3.087	3.113	0.026	0.841	1.0084
sin	D153	114	17985.312	18135.176	149.864	0.833	1.0083
to_radians	D115	114	951.748	959.659	7.911	0.831	1.0083
cbrt	D230	115	6183.660	6235.031	51.372	0.831	1.0083
sqrt	D616	615	16237.450	16372.198	134.747	0.830	1.0083
sin	D616	462	213900.564	215673.564	1773.000	0.829	1.0083
acosh	D153	76	15356.543	15483.550	127.007	0.827	1.0083
cosh	D38	0	2.541	2.562	0.021	0.821	1.0082
div	D230	115	191.237	192.796	1.558	0.815	1.0081
mul	D307	306	1373.914	1385.110	11.196	0.815	1.0081
atanh	D924	0	4909.670	4949.506	39.837	0.811	1.0081
atanh	D153	114	35848.239	36136.587	288.349	0.804	1.0080
to_radians	D616	154	2453.713	2473.389	19.676	0.802	1.0080
acos	D153	152	54379.819	54815.550	435.731	0.801	1.0080
atanh	D57	56	11359.317	11450.160	90.842	0.800	1.0080
asinh	D76	75	14153.450	14265.031	111.582	0.788	1.0079
tan	D57	14	3858.384	3888.686	30.302	0.785	1.0079
sin	D230	229	66153.231	66672.318	519.087	0.785	1.0078
tan	D616	308	142077.432	143183.291	1105.858	0.778	1.0078
tanh	D1232	924	923809.715	930998.016	7188.301	0.778	1.0078
cbrt	D462	231	20761.100	20920.940	159.840	0.770	1.0077
add	D230	172	13.882	13.989	0.107	0.768	1.0077
atanh	D76	57	9267.120	9338.224	71.105	0.767	1.0077
cos	D616	462	215656.882	217309.479	1652.597	0.766	1.0077
exp	D616	615	339578.144	342177.373	2599.229	0.765	1.0077
hypot	D616	0	69.290	69.818	0.528	0.762	1.0076
neg	D616	615	20.016	20.169	0.152	0.761	1.0076
ln	D76	57	531.660	535.675	4.015	0.755	1.0076
div	D76	19	66.559	67.052	0.494	0.742	1.0074
ln	D1232	0	3195.315	3218.857	23.542	0.737	1.0074
hypot	D38	37	93.610	94.299	0.689	0.736	1.0074
tan	D616	462	236723.038	238459.369	1736.331	0.733	1.0073
acos	D616	154	61148.663	61594.876	446.213	0.730	1.0073
hypot	D38	0	12.883	12.977	0.094	0.729	1.0073
asin	D616	462	356349.131	358926.499	2577.368	0.723	1.0072
atanh	D616	462	479024.573	482451.575	3427.002	0.715	1.0072
asin	D307	306	182112.656	183403.770	1291.114	0.709	1.0071
div	D57	56	106.443	107.169	0.727	0.683	1.0068
rem	D1232	924	122.515	123.347	0.832	0.679	1.0068
div	D1232	616	3835.037	3861.052	26.015	0.678	1.0068
cbrt	D76	75	1898.839	1911.647	12.807	0.674	1.0067
acos	D1232	924	1526976.176	1537175.882	10199.706	0.668	1.0067
atanh	D307	306	231565.317	233093.962	1528.645	0.660	1.0066
cos	D153	114	18469.411	18591.186	121.776	0.659	1.0066
acosh	D1232	0	45271.078	45569.173	298.095	0.658	1.0066
mul	D307	230	1066.429	1073.451	7.022	0.658	1.0066
div	D76	57	96.761	97.391	0.630	0.651	1.0065
rem	D57	42	7.223	7.269	0.047	0.649	1.0065
cos	D57	14	3130.633	3150.864	20.231	0.646	1.0065
powf	D1232	924	2123267.792	2136924.167	13656.375	0.643	1.0064
sqrt	D230	115	1773.561	1784.932	11.371	0.641	1.0064
powf	D153	38	8585.285	8639.865	54.580	0.636	1.0064
div	D76	38	61.773	62.164	0.391	0.633	1.0063
mul	D924	231	1485.231	1494.571	9.340	0.629	1.0063
atan	D153	114	38319.909	38560.741	240.832	0.628	1.0063
to_radians	D38	19	208.255	209.562	1.307	0.628	1.0063
to_degrees	D230	115	871.057	876.519	5.461	0.627	1.0063
tan	D57	56	9058.246	9114.596	56.350	0.622	1.0062
powf	D57	0	56.096	56.442	0.346	0.617	1.0062
exp	D1232	924	907304.553	912854.967	5550.414	0.612	1.0061
acos	D18	0	6.166	6.203	0.038	0.610	1.0061
asin	D230	172	69090.235	69509.106	418.871	0.606	1.0061
acos	D462	461	242421.601	243887.188	1465.587	0.605	1.0060
tan	D462	231	59441.349	59800.704	359.355	0.605	1.0060
exp	D57	56	9164.990	9220.270	55.281	0.603	1.0060
sin	D616	308	126521.963	127275.557	753.594	0.596	1.0060
cos	D616	308	128298.780	129060.152	761.373	0.593	1.0059
mul	D307	0	31.147	31.332	0.185	0.593	1.0059
mul	D307	153	461.464	464.195	2.731	0.592	1.0059
to_radians	D38	37	197.260	198.414	1.154	0.585	1.0058
tanh	D57	0	2614.690	2629.870	15.180	0.581	1.0058
cosh	D616	0	118.261	118.946	0.685	0.579	1.0058
powf	D230	115	12887.281	12961.780	74.500	0.578	1.0058
tanh	D76	19	6554.084	6591.836	37.752	0.576	1.0058
hypot	D38	9	42.799	43.043	0.243	0.569	1.0057
powf	D57	42	4723.404	4750.098	26.695	0.565	1.0057
exp	D115	114	19583.900	19694.347	110.447	0.564	1.0056
neg	D1232	0	54.316	54.622	0.306	0.563	1.0056
cos	D76	57	6010.555	6044.345	33.790	0.562	1.0056
add	D616	462	59.482	59.815	0.333	0.561	1.0056
sinh	D616	615	345179.193	347093.310	1914.117	0.555	1.0055
to_degrees	D616	615	4696.287	4722.295	26.008	0.554	1.0055
rem	D1232	616	131.599	132.324	0.725	0.551	1.0055
asin	D924	462	356784.735	358750.721	1965.986	0.551	1.0055
mul	D230	172	517.003	519.835	2.832	0.548	1.0055
add	D57	42	3.237	3.255	0.018	0.544	1.0054
cbrt	D307	306	20714.778	20826.849	112.071	0.541	1.0054
rem	D462	231	93.486	93.987	0.501	0.536	1.0054
tan	D924	0	138.408	139.148	0.740	0.535	1.0054
powf	D153	0	174.647	175.576	0.929	0.532	1.0053
mul	D76	75	101.773	102.312	0.539	0.530	1.0053
cos	D76	75	9193.044	9241.410	48.367	0.526	1.0053
div	D18	0	4.984	5.010	0.026	0.524	1.0052
sin	D924	231	68428.183	68783.114	354.931	0.519	1.0052
atan	D18	4	1580.577	1588.756	8.179	0.517	1.0052
sinh	D924	231	82027.732	82448.208	420.476	0.513	1.0051
acosh	D76	57	6491.897	6525.111	33.214	0.512	1.0051
atan	D1232	308	204696.136	205739.383	1043.247	0.510	1.0051
powf	D153	76	9641.021	9690.119	49.098	0.509	1.0051
asinh	D230	115	36535.114	36718.844	183.731	0.503	1.0050
atan	D616	308	203886.084	204904.443	1018.359	0.499	1.0050
cbrt	D76	38	883.917	888.299	4.382	0.496	1.0050
acos	D616	308	218406.489	219475.455	1068.966	0.489	1.0049
acosh	D307	306	130566.145	131197.850	631.705	0.484	1.0048
sinh	D57	56	10485.195	10535.799	50.604	0.483	1.0048
atan	D57	56	5222.453	5247.641	25.188	0.482	1.0048
hypot	D462	0	52.313	52.563	0.250	0.478	1.0048
sub	D57	0	2.251	2.261	0.011	0.472	1.0047
sqrt	D115	86	1147.863	1153.276	5.413	0.472	1.0047
add	D76	57	2.699	2.711	0.013	0.471	1.0047
cos	D616	615	352663.548	354322.560	1659.011	0.470	1.0047
to_radians	D230	115	1112.309	1117.534	5.225	0.470	1.0047
asin	D153	152	54226.025	54479.875	253.850	0.468	1.0047
acosh	D1232	924	1459305.250	1466051.722	6746.472	0.462	1.0046
tan	D924	231	78292.072	78653.043	360.972	0.461	1.0046
atanh	D462	231	119061.579	119610.384	548.805	0.461	1.0046
div	D18	13	8.792	8.832	0.040	0.458	1.0046
acos	D924	462	357867.776	359502.235	1634.459	0.457	1.0046
to_degrees	D307	306	2575.135	2586.806	11.671	0.453	1.0045
to_degrees	D76	38	264.532	265.728	1.196	0.452	1.0045
cos	D307	230	74209.039	74542.470	333.432	0.449	1.0045
mul	D18	13	4.973	4.995	0.022	0.446	1.0045
add	D115	0	4.976	4.998	0.022	0.444	1.0044
tan	D1232	924	1111268.196	1116187.341	4919.145	0.443	1.0044
cos	D76	38	4351.632	4370.799	19.167	0.440	1.0044
exp	D76	19	6362.350	6390.342	27.993	0.440	1.0044
asinh	D1232	616	932180.750	936277.236	4096.486	0.439	1.0044
cos	D1232	924	1050747.917	1055359.250	4611.333	0.439	1.0044
cosh	D616	462	228733.582	229723.647	990.065	0.433	1.0043
neg	D18	17	0.367	0.369	0.002	0.432	1.0043
tanh	D57	56	10919.529	10966.445	46.915	0.430	1.0043
mul	D1232	308	2367.190	2377.259	10.069	0.425	1.0043
tan	D115	114	19539.637	19622.655	83.018	0.425	1.0042
atan	D230	229	113986.279	114467.008	480.729	0.422	1.0042
add	D462	346	32.974	33.113	0.139	0.422	1.0042
acos	D924	231	125817.522	126347.134	529.612	0.421	1.0042
exp	D307	0	60.221	60.473	0.252	0.418	1.0042
to_degrees	D924	923	10362.697	10406.021	43.324	0.418	1.0042
asinh	D616	462	339859.527	341279.944	1420.417	0.418	1.0042
atanh	D230	229	123225.386	123738.784	513.399	0.417	1.0042
add	D115	114	3.860	3.876	0.016	0.416	1.0042
sinh	D462	231	70643.065	70936.509	293.444	0.415	1.0042
sub	D1232	1231	96.967	97.367	0.400	0.412	1.0041
exp	D307	153	35228.664	35372.411	143.747	0.408	1.0041
neg	D616	154	19.999	20.079	0.080	0.401	1.0040
add	D230	229	13.869	13.925	0.056	0.400	1.0040
tan	D307	230	80481.586	80802.970	321.384	0.399	1.0040
to_radians	D307	153	2028.944	2037.038	8.094	0.399	1.0040
acosh	D115	86	15228.013	15288.591	60.578	0.398	1.0040
exp	D616	462	227013.541	227911.935	898.395	0.396	1.0040
asin	D462	115	28519.776	28632.579	112.803	0.396	1.0040
add	D38	37	1.606	1.612	0.006	0.392	1.0039
sin	D307	230	70593.815	70869.320	275.505	0.390	1.0039
mul	D18	17	4.365	4.382	0.017	0.389	1.0039
to_radians	D38	28	163.900	164.532	0.631	0.385	1.0039
tan	D1232	0	359.658	361.043	1.385	0.385	1.0039
sqrt	D462	461	7527.903	7555.726	27.823	0.370	1.0037
powf	D115	86	9264.974	9299.118	34.144	0.369	1.0037
asinh	D1232	924	1624856.281	1630827.375	5971.094	0.367	1.0037
div	D153	152	259.656	260.605	0.949	0.365	1.0037
rem	D153	76	15.981	16.039	0.058	0.364	1.0036
hypot	D115	28	72.855	73.120	0.264	0.363	1.0036
cbrt	D76	19	742.834	745.521	2.687	0.362	1.0036
asinh	D616	154	103944.439	104319.060	374.622	0.360	1.0036
add	D307	76	19.538	19.608	0.070	0.357	1.0036
tanh	D616	462	232290.346	233115.168	824.822	0.355	1.0036
neg	D924	923	82.305	82.595	0.290	0.352	1.0035
asinh	D230	0	19.144	19.211	0.066	0.347	1.0035
ln	D153	152	1247.138	1251.461	4.323	0.347	1.0035
sinh	D76	19	6358.519	6380.553	22.034	0.347	1.0035
sin	D57	42	5444.855	5463.676	18.821	0.346	1.0035
acosh	D230	229	72199.411	72446.527	247.117	0.342	1.0034
add	D115	57	4.387	4.402	0.015	0.342	1.0034
neg	D924	231	76.250	76.510	0.260	0.341	1.0034
asinh	D1232	308	388770.655	390081.141	1310.486	0.337	1.0034
sub	D38	37	1.604	1.610	0.005	0.336	1.0034
to_radians	D307	230	2781.127	2790.482	9.355	0.336	1.0034
sqrt	D307	230	4757.626	4773.510	15.883	0.334	1.0033
sin	D76	57	5981.227	6001.155	19.928	0.333	1.0033
to_radians	D462	0	949.345	952.508	3.163	0.333	1.0033
mul	D57	14	17.024	17.080	0.056	0.330	1.0033
atan	D1232	924	1461033.028	1465724.889	4691.861	0.321	1.0032
div	D230	229	563.101	564.863	1.762	0.313	1.0031
exp	D924	231	79927.735	80177.734	249.999	0.313	1.0031
acosh	D230	115	23565.107	23638.807	73.700	0.313	1.0031
to_radians	D230	57	718.064	720.307	2.243	0.312	1.0031
neg	D230	172	7.154	7.176	0.022	0.310	1.0031
rem	D924	462	135.090	135.500	0.410	0.303	1.0030
cosh	D307	230	85160.287	85417.142	256.855	0.302	1.0030
asinh	D57	42	8990.793	9017.726	26.933	0.300	1.0030
neg	D38	28	1.122	1.125	0.003	0.296	1.0030
sinh	D616	462	228854.360	229530.027	675.667	0.295	1.0030
sub	D18	13	1.055	1.058	0.003	0.294	1.0029
sub	D307	153	23.371	23.439	0.068	0.290	1.0029
neg	D76	75	2.484	2.491	0.007	0.288	1.0029
rem	D1232	308	153.472	153.913	0.441	0.287	1.0029
tanh	D76	75	12820.281	12856.061	35.780	0.279	1.0028
acosh	D616	462	269911.795	270664.794	752.998	0.279	1.0028
tanh	D307	230	87858.425	88099.692	241.267	0.275	1.0027
sinh	D230	0	21.410	21.468	0.059	0.274	1.0027
cbrt	D153	76	3492.539	3502.081	9.542	0.273	1.0027
sin	D115	114	16359.486	16403.177	43.691	0.267	1.0027
div	D38	0	8.330	8.353	0.022	0.266	1.0027
tanh	D153	0	2762.694	2769.954	7.260	0.263	1.0026
neg	D76	0	2.162	2.167	0.006	0.262	1.0026
add	D924	0	74.489	74.682	0.193	0.260	1.0026
add	D924	923	82.201	82.414	0.213	0.259	1.0026
hypot	D18	0	13.361	13.395	0.034	0.257	1.0026
cos	D57	56	9141.577	9165.050	23.473	0.257	1.0026
acos	D230	229	123422.198	123738.788	316.590	0.257	1.0026
acosh	D76	38	4829.697	4842.084	12.388	0.256	1.0026
powf	D616	462	300212.065	300965.406	753.341	0.251	1.0025
add	D307	0	16.132	16.172	0.040	0.250	1.0025
cbrt	D307	230	17600.445	17644.244	43.799	0.249	1.0025
cosh	D76	19	6358.357	6374.026	15.669	0.246	1.0025
tanh	D307	0	2554.908	2561.166	6.259	0.245	1.0024
cbrt	D616	615	60796.109	60944.055	147.946	0.243	1.0024
sub	D307	0	18.815	18.861	0.046	0.243	1.0024
cbrt	D57	14	404.294	405.268	0.974	0.241	1.0024
sub	D76	0	3.451	3.459	0.008	0.241	1.0024
div	D115	114	184.378	184.820	0.443	0.240	1.0024
add	D38	19	1.817	1.821	0.004	0.240	1.0024
to_degrees	D76	0	197.739	198.212	0.473	0.239	1.0024
neg	D230	229	7.158	7.175	0.017	0.237	1.0024
ln	D1232	308	3337.747	3345.649	7.902	0.237	1.0024
add	D1232	1231	96.411	96.639	0.228	0.236	1.0024
acosh	D230	0	5629.902	5642.825	12.923	0.230	1.0023
sub	D924	0	74.622	74.793	0.170	0.228	1.0023
tan	D76	38	5591.061	5603.674	12.613	0.226	1.0023
sub	D153	152	6.562	6.577	0.015	0.225	1.0022
cos	D230	229	69765.998	69917.240	151.242	0.217	1.0022
acosh	D76	75	9300.894	9320.434	19.539	0.210	1.0021
neg	D57	14	1.347	1.350	0.003	0.209	1.0021
sin	D76	38	4125.820	4134.399	8.580	0.208	1.0021
mul	D57	56	71.670	71.819	0.149	0.207	1.0021
sub	D38	28	1.407	1.410	0.003	0.207	1.0021
cosh	D307	0	59.574	59.695	0.121	0.204	1.0020
mul	D115	0	13.627	13.654	0.028	0.203	1.0020
sinh	D115	114	23567.200	23613.732	46.532	0.197	1.0020
add	D1232	616	106.530	106.740	0.210	0.197	1.0020
mul	D616	615	3229.340	3235.694	6.354	0.197	1.0020
add	D76	38	2.222	2.227	0.004	0.196	1.0020
cosh	D924	231	82161.193	82320.782	159.589	0.194	1.0019
exp	D307	230	83562.291	83724.074	161.784	0.194	1.0019
exp	D153	152	30740.860	30799.800	58.940	0.192	1.0019
add	D115	86	3.532	3.539	0.007	0.192	1.0019
to_radians	D462	231	2223.233	2227.487	4.255	0.191	1.0019
add	D57	14	1.933	1.937	0.004	0.190	1.0019
tan	D1232	308	142816.373	143087.280	270.907	0.190	1.0019
tan	D307	306	119937.422	120164.785	227.363	0.190	1.0019
cbrt	D616	462	49736.936	49830.999	94.063	0.189	1.0019
cbrt	D76	0	516.731	517.700	0.969	0.188	1.0019
sub	D153	0	7.654	7.668	0.014	0.185	1.0018
sub	D57	42	3.263	3.269	0.006	0.184	1.0018
sub	D18	0	0.818	0.820	0.001	0.181	1.0018
neg	D1232	924	62.389	62.502	0.112	0.180	1.0018
atanh	D230	0	824.355	825.816	1.462	0.177	1.0018
sub	D57	14	1.937	1.941	0.003	0.176	1.0018
hypot	D18	17	35.905	35.968	0.063	0.176	1.0018
sin	D115	0	13.012	13.035	0.023	0.174	1.0017
sub	D616	462	59.349	59.452	0.103	0.173	1.0017
acosh	D115	0	7032.767	7044.804	12.037	0.171	1.0017
ln	D153	114	1001.581	1003.289	1.708	0.171	1.0017
hypot	D1232	0	109.678	109.861	0.183	0.167	1.0017
sub	D307	306	23.345	23.383	0.038	0.164	1.0016
atan	D924	462	336405.946	336953.240	547.294	0.163	1.0016
to_degrees	D616	0	1081.449	1083.196	1.747	0.162	1.0016
div	D38	9	12.666	12.686	0.020	0.159	1.0016
powf	D153	152	10631.005	10647.810	16.805	0.158	1.0016
asinh	D616	308	240768.804	241149.187	380.383	0.158	1.0016
sin	D1232	308	129597.684	129801.238	203.554	0.157	1.0016
mul	D1232	0	200.827	201.135	0.308	0.153	1.0015
atanh	D230	115	37065.289	37120.528	55.240	0.149	1.0015
sinh	D307	0	52.326	52.404	0.078	0.149	1.0015
sinh	D924	0	160.045	160.282	0.237	0.148	1.0015
sub	D924	462	81.969	82.090	0.121	0.148	1.0015
sqrt	D307	153	3649.312	3654.691	5.379	0.147	1.0015
sub	D230	115	15.444	15.467	0.023	0.147	1.0015
acosh	D616	308	180786.915	181050.227	263.312	0.146	1.0015
neg	D76	57	1.676	1.679	0.002	0.146	1.0015
sqrt	D76	75	1214.001	1215.748	1.747	0.144	1.0014
add	D18	13	1.054	1.056	0.001	0.141	1.0014
neg	D462	346	16.941	16.965	0.024	0.141	1.0014
atanh	D57	42	8637.509	8649.399	11.891	0.138	1.0014
div	D307	230	636.873	637.748	0.875	0.137	1.0014
sub	D307	76	25.114	25.148	0.034	0.137	1.0014
sin	D115	86	11933.314	11949.695	16.381	0.137	1.0014
sub	D1232	0	106.005	106.150	0.145	0.137	1.0014
neg	D616	308	21.768	21.797	0.030	0.136	1.0014
acos	D616	462	357991.068	358477.693	486.625	0.136	1.0014
neg	D1232	308	69.711	69.803	0.093	0.133	1.0013
tan	D18	0	3.296	3.300	0.004	0.131	1.0013
neg	D38	19	1.445	1.447	0.002	0.130	1.0013
powf	D462	0	548.500	549.213	0.713	0.130	1.0013
asin	D1232	308	218195.881	218477.732	281.851	0.129	1.0013
sub	D1232	616	106.499	106.636	0.137	0.128	1.0013
tan	D462	461	152695.298	152886.089	190.791	0.125	1.0012
cos	D57	0	2.180	2.182	0.003	0.125	1.0012
to_radians	D18	13	209.102	209.359	0.257	0.123	1.0012
tanh	D462	0	2296.373	2299.187	2.814	0.123	1.0012
neg	D57	0	1.680	1.682	0.002	0.122	1.0012
neg	D57	28	1.681	1.683	0.002	0.121	1.0012
atan	D18	0	3.408	3.412	0.004	0.114	1.0011
add	D153	152	5.138	5.144	0.006	0.113	1.0011
sinh	D307	76	17586.611	17606.421	19.811	0.113	1.0011
add	D307	230	19.597	19.619	0.022	0.112	1.0011
asin	D18	0	3.544	3.548	0.004	0.111	1.0011
sin	D307	76	12689.815	12703.820	14.005	0.110	1.0011
cos	D18	0	3.684	3.688	0.004	0.108	1.0011
tan	D76	0	3.630	3.634	0.004	0.107	1.0011
hypot	D76	0	17.071	17.089	0.018	0.106	1.0011
add	D616	308	60.901	60.965	0.064	0.104	1.0010
sqrt	D18	0	4.788	4.793	0.005	0.104	1.0010
mul	D153	0	18.381	18.400	0.019	0.103	1.0010
asinh	D924	0	103.655	103.761	0.106	0.102	1.0010
tanh	D924	231	83909.411	83993.705	84.294	0.100	1.0010
neg	D462	0	12.585	12.598	0.013	0.100	1.0010
add	D924	693	84.735	84.819	0.084	0.099	1.0010
sub	D153	38	7.644	7.651	0.007	0.097	1.0010
cosh	D462	461	157049.837	157202.698	152.861	0.097	1.0010
neg	D153	38	3.786	3.790	0.004	0.097	1.0010
neg	D153	114	4.293	4.297	0.004	0.096	1.0010
asinh	D57	28	7411.297	7418.358	7.061	0.095	1.0010
mul	D307	76	185.365	185.540	0.175	0.094	1.0009
add	D76	75	3.085	3.088	0.003	0.093	1.0009
rem	D57	28	7.161	7.167	0.007	0.093	1.0009
sinh	D307	230	85778.414	85857.755	79.341	0.092	1.0009
to_radians	D76	38	354.598	354.925	0.327	0.092	1.0009
add	D1232	924	104.804	104.900	0.097	0.092	1.0009
asinh	D76	0	2.227	2.229	0.002	0.091	1.0009
rem	D230	172	32.106	32.135	0.029	0.090	1.0009
sub	D924	923	83.522	83.596	0.075	0.089	1.0009
sinh	D1232	308	142500.681	142626.181	125.501	0.088	1.0009
rem	D462	461	48.519	48.561	0.043	0.088	1.0009
add	D18	0	0.818	0.819	0.001	0.086	1.0009
neg	D153	152	3.568	3.571	0.003	0.086	1.0009
atanh	D18	0	2.728	2.730	0.002	0.085	1.0008
sinh	D115	86	19727.575	19743.965	16.390	0.083	1.0008
cbrt	D1232	1231	312548.908	312802.698	253.790	0.081	1.0008
add	D57	0	2.248	2.250	0.002	0.080	1.0008
acosh	D115	28	9120.919	9127.999	7.080	0.078	1.0008
cosh	D115	114	23001.754	23019.487	17.732	0.077	1.0008
sin	D153	152	25779.417	25799.103	19.686	0.076	1.0008
neg	D38	9	1.445	1.447	0.001	0.076	1.0008
tan	D57	42	7098.803	7104.056	5.253	0.074	1.0007
rem	D462	0	56.001	56.042	0.041	0.073	1.0007
cos	D153	0	16.846	16.858	0.012	0.071	1.0007
atanh	D307	153	79120.280	79176.378	56.099	0.071	1.0007
atanh	D76	38	6749.847	6754.598	4.752	0.070	1.0007
div	D18	17	8.383	8.389	0.006	0.070	1.0007
asin	D1232	924	1524034.529	1525090.029	1055.500	0.069	1.0007
asinh	D307	230	123441.224	123526.027	84.803	0.069	1.0007
cosh	D18	0	2.728	2.730	0.002	0.067	1.0007
asinh	D76	38	7305.307	7309.974	4.667	0.064	1.0006
cosh	D76	0	3.517	3.519	0.002	0.064	1.0006
add	D1232	0	105.765	105.833	0.067	0.064	1.0006
exp	D18	0	2.453	2.455	0.002	0.063	1.0006
rem	D230	229	32.099	32.120	0.020	0.063	1.0006
sin	D307	0	52.071	52.103	0.033	0.062	1.0006
cbrt	D1232	924	227116.423	227257.524	141.101	0.062	1.0006
sub	D230	172	16.154	16.164	0.010	0.061	1.0006
neg	D115	0	3.163	3.165	0.002	0.060	1.0006
rem	D57	0	7.160	7.164	0.004	0.060	1.0006
neg	D462	461	12.330	12.338	0.007	0.059	1.0006
atan	D307	230	121807.325	121878.016	70.691	0.058	1.0006
asin	D924	231	126762.087	126831.856	69.770	0.055	1.0006
powf	D924	923	1609960.531	1610831.969	871.438	0.054	1.0005
neg	D115	28	2.832	2.834	0.002	0.053	1.0005
neg	D115	57	2.830	2.831	0.001	0.051	1.0005
sin	D153	0	16.880	16.889	0.008	0.050	1.0005
tanh	D18	0	2.455	2.456	0.001	0.050	1.0005
atan	D924	231	116913.142	116971.324	58.182	0.050	1.0005
sub	D1232	308	106.155	106.208	0.053	0.050	1.0005
cbrt	D616	308	40113.821	40133.519	19.698	0.049	1.0005
sinh	D462	0	135.645	135.712	0.066	0.049	1.0005
neg	D307	153	11.064	11.070	0.005	0.048	1.0005
sub	D18	17	1.138	1.138	0.001	0.048	1.0005
neg	D153	0	3.789	3.791	0.002	0.048	1.0005
neg	D153	76	4.295	4.297	0.002	0.048	1.0005
sqrt	D18	17	28.635	28.649	0.013	0.047	1.0005
neg	D76	19	2.165	2.166	0.001	0.047	1.0005
tan	D307	0	52.090	52.113	0.023	0.045	1.0004
atan	D616	615	509418.072	509634.290	216.218	0.042	1.0004
atanh	D153	152	45723.747	45742.362	18.615	0.041	1.0004
sinh	D57	42	8139.950	8143.259	3.309	0.041	1.0004
exp	D1232	308	139915.350	139971.971	56.621	0.040	1.0004
cos	D153	152	26614.063	26624.777	10.715	0.040	1.0004
add	D38	9	1.814	1.815	0.001	0.040	1.0004
tan	D462	0	100.642	100.682	0.040	0.040	1.0004
mul	D18	0	0.816	0.816	0.000	0.039	1.0004
powf	D307	230	30623.833	30635.676	11.843	0.039	1.0004
powf	D18	0	7.091	7.093	0.003	0.039	1.0004
rem	D153	152	15.548	15.554	0.006	0.038	1.0004
cbrt	D1232	616	150548.379	150606.096	57.717	0.038	1.0004
rem	D57	14	6.271	6.274	0.002	0.038	1.0004
add	D38	0	1.180	1.180	0.000	0.038	1.0004
sinh	D230	115	20234.489	20242.209	7.720	0.038	1.0004
sinh	D76	0	12.105	12.109	0.005	0.038	1.0004
rem	D307	76	48.040	48.058	0.018	0.038	1.0004
neg	D307	0	6.928	6.931	0.003	0.036	1.0004
neg	D57	42	1.684	1.685	0.001	0.034	1.0003
rem	D76	75	8.714	8.717	0.003	0.034	1.0003
neg	D462	115	12.324	12.328	0.004	0.032	1.0003
sin	D1232	924	1048623.080	1048955.396	332.316	0.032	1.0003
sub	D76	19	3.455	3.457	0.001	0.032	1.0003
add	D1232	308	106.424	106.457	0.032	0.030	1.0003
atanh	D307	230	150264.684	150309.868	45.184	0.030	1.0003
rem	D18	0	1.635	1.636	0.000	0.030	1.0003
hypot	D38	19	74.437	74.459	0.022	0.030	1.0003
sin	D57	0	2.179	2.180	0.001	0.030	1.0003
sin	D18	0	3.272	3.273	0.001	0.029	1.0003
sin	D462	0	112.850	112.883	0.033	0.029	1.0003
add	D57	56	2.247	2.248	0.001	0.029	1.0003
mul	D76	0	5.700	5.702	0.002	0.029	1.0003
sinh	D18	0	2.728	2.729	0.001	0.026	1.0003
rem	D57	56	7.162	7.164	0.002	0.025	1.0003
hypot	D115	0	19.858	19.863	0.005	0.025	1.0003
tan	D57	0	3.113	3.113	0.001	0.025	1.0002
exp	D153	0	16.227	16.231	0.004	0.024	1.0002
neg	D307	230	12.497	12.500	0.003	0.023	1.0002
mul	D57	0	6.224	6.226	0.001	0.022	1.0002
mul	D462	461	1616.326	1616.679	0.353	0.022	1.0002
exp	D115	86	16340.911	16344.385	3.475	0.021	1.0002
rem	D115	0	14.404	14.407	0.003	0.021	1.0002
rem	D18	17	3.249	3.250	0.001	0.020	1.0002
sub	D57	56	2.251	2.251	0.000	0.020	1.0002
asin	D115	114	37268.672	37275.942	7.270	0.020	1.0002
to_degrees	D924	462	3866.854	3867.598	0.744	0.019	1.0002
hypot	D76	19	73.816	73.830	0.014	0.019	1.0002
neg	D18	4	0.622	0.622	0.000	0.019	1.0002
atan	D924	693	898884.916	899046.382	161.466	0.018	1.0002
rem	D18	4	1.867	1.867	0.000	0.018	1.0002
hypot	D18	4	40.480	40.488	0.007	0.018	1.0002
sub	D924	693	84.753	84.766	0.012	0.015	1.0001
neg	D307	76	12.498	12.500	0.002	0.014	1.0001
add	D18	17	1.138	1.138	0.000	0.013	1.0001
sin	D57	56	9134.156	9135.277	1.121	0.012	1.0001
exp	D462	0	104.929	104.942	0.013	0.012	1.0001
add	D462	0	29.943	29.947	0.004	0.012	1.0001
exp	D924	923	913688.904	913790.751	101.847	0.011	1.0001
exp	D115	0	13.248	13.249	0.001	0.009	1.0001
rem	D76	0	9.832	9.832	0.001	0.008	1.0001
sub	D115	114	4.307	4.308	0.000	0.008	1.0001
add	D76	19	3.480	3.480	0.000	0.008	1.0001
add	D76	0	3.486	3.487	0.000	0.007	1.0001
sub	D57	28	2.250	2.250	0.000	0.006	1.0001
to_degrees	D1232	616	7429.685	7430.119	0.434	0.006	1.0001
to_degrees	D18	0	3.546	3.546	0.000	0.004	1.0000
cbrt	D57	42	1130.787	1130.814	0.027	0.002	1.0000
asinh	D462	0	65.218	65.219	0.001	0.002	1.0000
sin	D76	0	3.514	3.514	0.000	0.002	1.0000
rem	D18	9	1.867	1.867	0.000	0.001	1.0000
tanh	D76	38	6818.493	6818.530	0.037	0.001	1.0000
hypot	D18	13	40.338	40.338	0.000	0.000	1.0000
sinh	D924	923	923376.859	923365.995	-10.863	-0.001	1.0000
hypot	D57	14	32.180	32.179	-0.001	-0.003	1.0000
to_radians	D18	0	3.547	3.547	-0.000	-0.004	1.0000
neg	D307	306	11.071	11.071	-0.001	-0.005	0.9999
cosh	D115	0	10.894	10.893	-0.001	-0.006	0.9999
add	D462	115	25.848	25.846	-0.002	-0.007	0.9999
mul	D38	9	13.716	13.715	-0.001	-0.008	0.9999
to_radians	D230	172	1726.217	1726.074	-0.143	-0.008	0.9999
tanh	D1232	308	146404.528	146391.121	-13.407	-0.009	0.9999
asinh	D18	0	2.728	2.727	-0.000	-0.009	0.9999
mul	D616	154	652.615	652.555	-0.061	-0.009	0.9999
neg	D115	114	2.750	2.749	-0.000	-0.010	0.9999
cosh	D153	152	31748.946	31745.415	-3.532	-0.011	0.9999
tan	D115	0	9.216	9.215	-0.001	-0.012	0.9999
sinh	D115	0	11.251	11.249	-0.001	-0.012	0.9999
rem	D1232	0	143.219	143.198	-0.021	-0.014	0.9999
mul	D115	86	176.420	176.393	-0.027	-0.015	0.9998
rem	D18	13	2.460	2.459	-0.000	-0.016	0.9998
ln	D115	86	898.841	898.699	-0.142	-0.016	0.9998
atan	D616	462	338986.786	338928.904	-57.882	-0.017	0.9998
rem	D76	57	7.628	7.627	-0.001	-0.017	0.9998
ln	D115	114	942.717	942.545	-0.172	-0.018	0.9998
sin	D1232	0	347.462	347.399	-0.064	-0.018	0.9998
add	D38	28	1.411	1.411	-0.000	-0.019	0.9998
neg	D1232	1231	61.747	61.735	-0.012	-0.019	0.9998
mul	D76	38	36.784	36.776	-0.008	-0.021	0.9998
sqrt	D1232	616	28594.221	28588.114	-6.107	-0.021	0.9998
powf	D616	308	352434.551	352359.206	-75.345	-0.021	0.9998
sub	D153	114	7.645	7.643	-0.002	-0.022	0.9998
neg	D57	56	1.685	1.684	-0.000	-0.023	0.9998
ln	D462	115	1882.343	1881.879	-0.464	-0.025	0.9998
neg	D18	0	0.545	0.545	-0.000	-0.025	0.9998
neg	D18	9	0.622	0.622	-0.000	-0.027	0.9997
atanh	D115	86	23157.753	23151.505	-6.248	-0.027	0.9997
asinh	D115	0	12.390	12.387	-0.004	-0.028	0.9997
sqrt	D307	76	2280.459	2279.765	-0.695	-0.030	0.9997
to_radians	D76	57	440.360	440.220	-0.140	-0.032	0.9997
hypot	D38	28	58.466	58.447	-0.019	-0.032	0.9997
sub	D18	9	0.935	0.935	-0.000	-0.034	0.9997
neg	D18	13	0.703	0.703	-0.000	-0.034	0.9997
exp	D616	308	139029.463	138980.149	-49.314	-0.035	0.9996
sub	D76	57	2.680	2.679	-0.001	-0.037	0.9996
sub	D230	229	16.165	16.159	-0.006	-0.038	0.9996
exp	D1232	0	368.104	367.962	-0.141	-0.038	0.9996
cosh	D462	0	104.043	104.002	-0.041	-0.039	0.9996
tan	D153	152	30382.741	30370.422	-12.319	-0.041	0.9996
mul	D153	38	50.088	50.067	-0.021	-0.043	0.9996
neg	D616	462	17.348	17.341	-0.007	-0.043	0.9996
neg	D115	86	2.818	2.817	-0.001	-0.043	0.9996
exp	D1232	616	444917.176	444724.248	-192.928	-0.043	0.9996
to_degrees	D616	462	3494.342	3492.761	-1.581	-0.045	0.9995
asinh	D153	0	16.511	16.503	-0.008	-0.045	0.9995
exp	D76	0	3.223	3.222	-0.001	-0.046	0.9995
neg	D1232	616	69.802	69.769	-0.033	-0.047	0.9995
mul	D57	28	34.143	34.126	-0.016	-0.047	0.9995
neg	D924	462	84.601	84.559	-0.042	-0.049	0.9995
mul	D38	28	31.621	31.605	-0.016	-0.051	0.9995
powf	D1232	308	832415.702	831989.810	-425.892	-0.051	0.9995
sinh	D307	306	118279.925	118216.767	-63.159	-0.053	0.9995
sinh	D616	0	111.257	111.196	-0.061	-0.055	0.9995
sub	D462	0	35.684	35.665	-0.020	-0.055	0.9994
cosh	D616	308	142688.672	142607.684	-80.988	-0.057	0.9994
atan	D924	923	1462755.389	1461894.000	-861.389	-0.059	0.9994
asinh	D1232	0	157.212	157.119	-0.093	-0.059	0.9994
to_degrees	D462	0	577.743	577.397	-0.345	-0.060	0.9994
sub	D307	230	25.147	25.131	-0.015	-0.060	0.9994
sqrt	D462	346	9921.365	9915.199	-6.166	-0.062	0.9994
mul	D115	114	196.389	196.266	-0.122	-0.062	0.9994
asinh	D616	615	489632.635	489323.466	-309.168	-0.063	0.9994
sqrt	D230	172	3410.881	3408.721	-2.160	-0.063	0.9994
cbrt	D462	461	29709.305	29690.329	-18.976	-0.064	0.9994
mul	D18	4	2.873	2.872	-0.002	-0.068	0.9993
sub	D153	76	7.625	7.620	-0.005	-0.068	0.9993
asin	D230	229	123572.756	123488.740	-84.016	-0.068	0.9993
sub	D462	231	53.271	53.235	-0.037	-0.069	0.9993
rem	D307	306	42.544	42.514	-0.029	-0.069	0.9993
sinh	D616	308	143645.163	143545.637	-99.526	-0.069	0.9993
tanh	D307	76	18124.988	18111.860	-13.128	-0.072	0.9993
sub	D18	4	0.936	0.935	-0.001	-0.079	0.9992
powf	D1232	616	861355.884	860669.833	-686.051	-0.080	0.9992
tanh	D1232	616	455756.856	455383.892	-372.964	-0.082	0.9992
add	D115	28	4.395	4.392	-0.004	-0.082	0.9992
ln	D230	115	918.337	917.570	-0.766	-0.083	0.9992
add	D616	154	45.414	45.375	-0.039	-0.086	0.9991
sin	D57	14	2942.940	2940.401	-2.539	-0.086	0.9991
powf	D924	693	849673.743	848928.436	-745.306	-0.088	0.9991
sqrt	D76	38	516.294	515.835	-0.459	-0.089	0.9991
sqrt	D18	13	29.722	29.696	-0.026	-0.089	0.9991
cbrt	D115	86	3086.915	3084.168	-2.747	-0.089	0.9991
acosh	D307	76	28089.886	28064.771	-25.115	-0.089	0.9991
to_degrees	D307	153	1511.065	1509.683	-1.382	-0.091	0.9991
acosh	D1232	308	278226.168	277968.050	-258.118	-0.093	0.9991
cos	D115	86	12413.683	12402.062	-11.621	-0.094	0.9991
div	D230	172	384.479	384.116	-0.363	-0.094	0.9991
sqrt	D1232	308	16604.307	16588.262	-16.044	-0.097	0.9990
cbrt	D924	462	69874.706	69806.542	-68.165	-0.098	0.9990
add	D57	28	2.248	2.246	-0.002	-0.098	0.9990
neg	D924	693	84.750	84.667	-0.084	-0.099	0.9990
atanh	D76	75	14122.194	14108.237	-13.956	-0.099	0.9990
sqrt	D924	693	26498.994	26471.394	-27.601	-0.104	0.9990
add	D924	231	81.644	81.558	-0.086	-0.105	0.9990
powf	D307	306	32234.765	32200.919	-33.846	-0.105	0.9990
neg	D924	0	54.907	54.849	-0.058	-0.105	0.9989
cos	D230	0	21.598	21.575	-0.023	-0.107	0.9989
sin	D307	306	108988.905	108867.827	-121.078	-0.111	0.9989
atanh	D307	76	42145.998	42098.696	-47.302	-0.112	0.9989
cosh	D1232	616	451585.137	451077.622	-507.514	-0.112	0.9989
cosh	D1232	308	142386.357	142223.660	-162.697	-0.114	0.9989
tanh	D924	923	933093.169	932013.436	-1079.733	-0.116	0.9988
sin	D153	76	10238.841	10226.949	-11.893	-0.116	0.9988
cosh	D924	923	924072.710	922988.059	-1084.652	-0.117	0.9988
mul	D230	229	971.578	970.436	-1.142	-0.118	0.9988
sub	D115	0	5.544	5.538	-0.007	-0.118	0.9988
cbrt	D924	693	132562.972	132404.635	-158.337	-0.119	0.9988
ln	D462	346	4335.699	4330.508	-5.192	-0.120	0.9988
div	D153	76	143.678	143.500	-0.178	-0.124	0.9988
cbrt	D924	923	180127.516	179902.606	-224.910	-0.125	0.9988
tanh	D153	152	32443.687	32401.509	-42.179	-0.130	0.9987
exp	D924	0	187.600	187.351	-0.249	-0.133	0.9987
to_radians	D57	14	345.082	344.624	-0.458	-0.133	0.9987
tan	D924	462	237636.283	237319.453	-316.830	-0.133	0.9987
sinh	D76	75	12458.241	12441.147	-17.094	-0.137	0.9986
to_radians	D307	0	1045.137	1043.697	-1.440	-0.138	0.9986
asinh	D924	693	938650.466	937349.152	-1301.314	-0.139	0.9986
sqrt	D76	0	209.289	208.995	-0.294	-0.141	0.9986
acos	D924	923	1547597.265	1545403.281	-2193.983	-0.142	0.9986
asinh	D115	57	19007.313	18980.201	-27.112	-0.143	0.9986
tan	D230	0	21.968	21.936	-0.032	-0.144	0.9986
ln	D76	75	619.572	618.679	-0.892	-0.144	0.9986
asinh	D57	14	4566.529	4559.819	-6.710	-0.147	0.9985
tanh	D307	306	120668.510	120490.876	-177.634	-0.147	0.9985
mul	D57	42	71.959	71.849	-0.110	-0.153	0.9985
powf	D1232	0	1501.876	1499.572	-2.304	-0.153	0.9985
cos	D924	923	1061289.375	1059661.542	-1627.833	-0.153	0.9985
acosh	D1232	616	729738.415	728616.763	-1121.652	-0.154	0.9985
cosh	D57	56	10483.637	10467.521	-16.116	-0.154	0.9985
sqrt	D230	229	4214.482	4207.953	-6.529	-0.155	0.9985
ln	D115	28	494.384	493.615	-0.769	-0.155	0.9984
atanh	D1232	616	1321222.368	1319157.237	-2065.132	-0.156	0.9984
div	D153	38	109.346	109.175	-0.172	-0.157	0.9984
sub	D38	19	1.811	1.808	-0.003	-0.157	0.9984
acos	D924	693	941921.294	940433.522	-1487.772	-0.158	0.9984
exp	D230	115	19419.725	19388.653	-31.072	-0.160	0.9984
mul	D115	57	85.199	85.060	-0.139	-0.163	0.9984
rem	D616	462	75.423	75.294	-0.129	-0.171	0.9983
sinh	D1232	616	449648.786	448869.324	-779.462	-0.173	0.9983
cosh	D924	693	610229.258	609170.872	-1058.385	-0.173	0.9983
asinh	D57	56	11785.490	11764.960	-20.530	-0.174	0.9983
sqrt	D57	42	770.058	768.712	-1.346	-0.175	0.9983
exp	D924	693	601462.257	600402.979	-1059.278	-0.176	0.9982
atanh	D616	615	774786.362	773416.326	-1370.035	-0.177	0.9982
sub	D38	9	1.814	1.811	-0.003	-0.179	0.9982
powf	D307	153	21703.831	21665.027	-38.804	-0.179	0.9982
to_degrees	D924	693	7625.232	7611.408	-13.825	-0.181	0.9982
tanh	D924	693	614844.772	613725.904	-1118.868	-0.182	0.9982
to_radians	D924	923	11446.061	11424.956	-21.105	-0.184	0.9982
asinh	D924	462	424272.937	423477.478	-795.459	-0.187	0.9981
tanh	D230	115	20822.542	20782.878	-39.664	-0.190	0.9981
asin	D924	923	1547410.559	1544454.125	-2956.434	-0.191	0.9981
div	D307	76	246.362	245.850	-0.512	-0.208	0.9979
tanh	D57	42	8524.607	8506.572	-18.035	-0.212	0.9979
mul	D924	0	143.313	143.009	-0.303	-0.212	0.9979
acosh	D57	42	6057.290	6044.399	-12.891	-0.213	0.9979
atanh	D462	0	1413.736	1410.639	-3.096	-0.219	0.9978
div	D1232	1231	7412.643	7396.404	-16.239	-0.219	0.9978
atanh	D57	14	4685.601	4675.187	-10.415	-0.222	0.9978
asinh	D57	0	1.949	1.945	-0.004	-0.227	0.9977
asinh	D616	0	79.884	79.701	-0.183	-0.229	0.9977
cos	D924	0	151.245	150.894	-0.351	-0.232	0.9977
cosh	D230	115	20898.863	20849.037	-49.826	-0.238	0.9976
powf	D153	114	11090.891	11064.279	-26.612	-0.240	0.9976
acos	D307	230	131861.919	131544.675	-317.244	-0.241	0.9976
asinh	D115	114	29590.611	29519.103	-71.509	-0.242	0.9976
sinh	D924	693	612022.878	610521.758	-1501.120	-0.245	0.9975
acosh	D307	230	88457.834	88240.053	-217.781	-0.246	0.9975
tanh	D115	86	20105.623	20056.062	-49.561	-0.247	0.9975
sinh	D153	152	31660.989	31582.172	-78.817	-0.249	0.9975
cos	D1232	616	459562.001	458410.151	-1151.849	-0.251	0.9975
powf	D924	231	417705.284	416636.549	-1068.735	-0.256	0.9974
acosh	D307	153	47906.680	47783.834	-122.846	-0.256	0.9974
powf	D57	28	4578.998	4566.954	-12.044	-0.263	0.9974
cosh	D76	75	12414.376	12381.676	-32.700	-0.263	0.9974
rem	D1232	1231	110.880	110.582	-0.298	-0.269	0.9973
atan	D1232	616	674895.804	673004.603	-1891.201	-0.280	0.9972
atanh	D1232	308	476200.717	474836.552	-1364.164	-0.286	0.9971
atanh	D76	19	6562.866	6543.897	-18.968	-0.289	0.9971
tanh	D924	462	232211.471	231531.411	-680.060	-0.293	0.9971
mul	D153	152	308.647	307.743	-0.904	-0.293	0.9971
to_degrees	D76	75	437.926	436.637	-1.289	-0.294	0.9971
sub	D38	0	1.052	1.049	-0.003	-0.296	0.9970
sin	D230	115	15619.266	15572.824	-46.442	-0.297	0.9970
acosh	D153	152	27620.879	27538.630	-82.249	-0.298	0.9970
asin	D1232	616	716871.808	714735.782	-2136.025	-0.298	0.9970
rem	D616	615	79.687	79.448	-0.239	-0.300	0.9970
rem	D924	231	111.695	111.358	-0.337	-0.302	0.9970
add	D616	0	45.417	45.280	-0.137	-0.302	0.9970
sqrt	D57	28	487.177	485.681	-1.496	-0.307	0.9969
sinh	D924	462	229920.795	229208.577	-712.218	-0.310	0.9969
tan	D924	693	659825.161	657775.425	-2049.736	-0.311	0.9969
cbrt	D115	114	4284.614	4271.182	-13.431	-0.313	0.9969
div	D462	346	1141.141	1137.554	-3.588	-0.314	0.9969
acos	D1232	616	715353.360	713085.152	-2268.208	-0.317	0.9968
to_degrees	D462	346	3219.986	3209.686	-10.300	-0.320	0.9968
cosh	D307	153	51733.994	51566.544	-167.450	-0.324	0.9968
sinh	D76	38	6548.205	6526.998	-21.207	-0.324	0.9968
ln	D57	56	613.243	611.242	-2.001	-0.326	0.9967
sqrt	D616	308	11080.102	11043.941	-36.161	-0.326	0.9967
mul	D462	231	1091.797	1088.229	-3.567	-0.327	0.9967
rem	D462	346	84.831	84.552	-0.279	-0.329	0.9967
cosh	D924	462	229811.019	229054.940	-756.079	-0.329	0.9967
atan	D115	114	33860.561	33748.263	-112.299	-0.332	0.9967
ln	D230	0	328.154	327.049	-1.105	-0.337	0.9966
cbrt	D57	28	700.339	697.973	-2.365	-0.338	0.9966
asinh	D924	923	1473055.029	1468079.361	-4975.668	-0.338	0.9966
rem	D462	115	58.812	58.614	-0.199	-0.338	0.9966
cosh	D616	615	347044.484	345864.755	-1179.729	-0.340	0.9966
tanh	D307	153	52804.407	52622.583	-181.823	-0.344	0.9966
atan	D307	306	169809.087	169222.143	-586.944	-0.346	0.9965
rem	D307	230	59.198	58.989	-0.208	-0.352	0.9965
hypot	D18	9	40.964	40.819	-0.145	-0.353	0.9965
to_radians	D924	231	3644.276	3631.341	-12.935	-0.355	0.9965
cosh	D230	57	8561.557	8531.124	-30.433	-0.355	0.9964
cos	D230	57	5871.952	5850.834	-21.117	-0.360	0.9964
tanh	D616	308	145133.350	144602.637	-530.713	-0.366	0.9963
exp	D924	462	225989.042	225162.166	-826.876	-0.366	0.9963
tan	D1232	616	496346.011	494520.442	-1825.569	-0.368	0.9963
tanh	D462	115	15796.866	15737.389	-59.477	-0.377	0.9962
acosh	D115	114	19719.056	19644.564	-74.492	-0.378	0.9962
tan	D115	28	5917.723	5894.991	-22.732	-0.384	0.9962
cos	D616	0	115.898	115.452	-0.446	-0.385	0.9962
ln	D76	38	423.154	421.498	-1.655	-0.391	0.9961
add	D153	38	5.933	5.910	-0.023	-0.392	0.9961
tanh	D115	0	5761.744	5739.021	-22.723	-0.394	0.9961
exp	D307	306	116484.253	116021.948	-462.305	-0.397	0.9960
acosh	D924	693	805940.783	802658.020	-3282.763	-0.407	0.9959
cos	D924	693	617450.557	614932.038	-2518.519	-0.408	0.9959
atanh	D115	114	31587.825	31458.430	-129.395	-0.410	0.9959
cosh	D57	42	8117.588	8083.973	-33.615	-0.414	0.9959
sub	D616	615	48.173	47.972	-0.201	-0.418	0.9958
asin	D924	693	944300.801	940331.933	-3968.868	-0.420	0.9958
to_radians	D1232	308	5450.249	5427.335	-22.914	-0.420	0.9958
tanh	D115	114	23800.933	23699.388	-101.545	-0.427	0.9957
tanh	D57	28	7608.321	7575.740	-32.581	-0.428	0.9957
sin	D1232	616	456352.834	454397.200	-1955.633	-0.429	0.9957
cbrt	D76	57	1039.003	1034.540	-4.463	-0.430	0.9957
powf	D307	76	20679.771	20590.652	-89.118	-0.431	0.9957
powf	D115	0	147.342	146.707	-0.635	-0.431	0.9957
cos	D230	115	15806.814	15738.360	-68.453	-0.433	0.9957
sinh	D1232	0	368.058	366.462	-1.596	-0.434	0.9957
atanh	D616	0	3545.818	3530.192	-15.626	-0.441	0.9956
cos	D924	462	217124.262	216162.635	-961.627	-0.443	0.9956
acosh	D616	615	425742.788	423850.382	-1892.407	-0.444	0.9956
cosh	D924	0	165.991	165.247	-0.744	-0.448	0.9955
to_radians	D307	306	3176.730	3162.264	-14.466	-0.455	0.9954
cos	D1232	308	134008.631	133386.830	-621.801	-0.464	0.9954
acos	D462	231	110227.570	109708.147	-519.423	-0.471	0.9953
powf	D924	462	381558.388	379740.551	-1817.836	-0.476	0.9952
tan	D115	86	14293.803	14223.894	-69.909	-0.489	0.9951
sqrt	D1232	924	39877.502	39682.322	-195.180	-0.489	0.9951
add	D307	306	18.694	18.602	-0.092	-0.493	0.9951
sqrt	D924	462	13627.456	13560.129	-67.327	-0.494	0.9951
ln	D1232	924	5105.053	5079.374	-25.679	-0.503	0.9950
exp	D462	231	68026.618	67684.024	-342.594	-0.504	0.9950
div	D115	57	105.074	104.543	-0.531	-0.506	0.9949
to_degrees	D616	154	1869.751	1860.241	-9.511	-0.509	0.9949
exp	D76	38	6102.506	6071.229	-31.277	-0.513	0.9949
tanh	D616	0	3304.570	3287.573	-16.997	-0.514	0.9949
add	D153	76	5.928	5.898	-0.031	-0.520	0.9948
cos	D115	114	16438.277	16352.618	-85.658	-0.521	0.9948
ln	D230	229	1813.686	1804.179	-9.507	-0.524	0.9948
ln	D462	0	945.490	940.526	-4.964	-0.525	0.9947
atanh	D57	28	7013.433	6976.461	-36.971	-0.527	0.9947
add	D307	153	18.706	18.607	-0.099	-0.529	0.9947
sub	D230	0	11.090	11.031	-0.059	-0.530	0.9947
sinh	D307	153	50748.672	50477.646	-271.026	-0.534	0.9947
ln	D924	0	1991.132	1980.446	-10.686	-0.537	0.9946
to_radians	D1232	616	8714.953	8668.070	-46.883	-0.538	0.9946
cbrt	D57	56	1139.249	1133.103	-6.146	-0.539	0.9946
powf	D230	229	21539.463	21421.948	-117.515	-0.546	0.9945
powf	D616	154	178418.303	177443.693	-974.610	-0.546	0.9945
cosh	D307	306	118238.705	117590.138	-648.567	-0.549	0.9945
sub	D1232	924	105.035	104.458	-0.577	-0.549	0.9945
to_radians	D230	229	2231.626	2219.329	-12.297	-0.551	0.9945
cosh	D307	76	18081.491	17981.831	-99.660	-0.551	0.9945
cos	D307	0	59.294	58.966	-0.328	-0.553	0.9945
sub	D924	231	82.047	81.592	-0.455	-0.554	0.9945
powf	D462	231	119453.103	118790.719	-662.384	-0.555	0.9945
to_degrees	D1232	0	2319.743	2306.718	-13.025	-0.561	0.9944
atanh	D924	693	1477543.861	1469236.889	-8306.972	-0.562	0.9944
add	D153	114	5.934	5.901	-0.033	-0.563	0.9944
to_radians	D924	462	4652.035	4625.192	-26.843	-0.577	0.9942
sqrt	D153	114	1881.160	1870.298	-10.862	-0.577	0.9942
sin	D230	0	21.618	21.492	-0.126	-0.581	0.9942
acosh	D924	923	1353843.711	1345886.289	-7957.421	-0.588	0.9941
sin	D924	923	1058064.000	1051597.562	-6466.438	-0.611	0.9939
sqrt	D1232	1231	60616.746	60245.957	-370.790	-0.612	0.9939
ln	D76	19	507.450	504.344	-3.106	-0.612	0.9939
cos	D307	76	12741.157	12662.804	-78.353	-0.615	0.9939
ln	D924	693	3930.313	3906.083	-24.230	-0.616	0.9938
acos	D307	153	62760.535	62370.436	-390.100	-0.622	0.9938
tan	D924	923	1125467.587	1118392.891	-7074.696	-0.629	0.9937
sqrt	D924	923	34756.836	34537.235	-219.601	-0.632	0.9937
tan	D230	115	18985.313	18864.679	-120.634	-0.635	0.9936
acosh	D924	462	321551.565	319498.250	-2053.316	-0.639	0.9936
acos	D307	306	183600.570	182426.778	-1173.792	-0.639	0.9936
sub	D115	86	4.475	4.446	-0.029	-0.644	0.9936
sin	D924	693	612485.996	608524.481	-3961.515	-0.647	0.9935
atanh	D924	462	572091.043	568386.818	-3704.225	-0.647	0.9935
sinh	D57	14	4837.137	4805.435	-31.703	-0.655	0.9934
atan	D462	115	23965.430	23804.834	-160.596	-0.670	0.9933
add	D153	0	5.936	5.896	-0.040	-0.675	0.9933
sin	D924	462	218242.997	216757.208	-1485.789	-0.681	0.9932
cos	D307	306	112390.526	111621.604	-768.922	-0.684	0.9932
powf	D616	0	741.366	736.238	-5.128	-0.692	0.9931
atanh	D115	28	12846.702	12757.048	-89.654	-0.698	0.9930
asinh	D924	231	229760.989	228152.930	-1608.059	-0.700	0.9930
cos	D462	115	9706.453	9638.060	-68.394	-0.705	0.9930
to_radians	D1232	0	3512.232	3487.431	-24.801	-0.706	0.9929
to_radians	D924	693	8636.731	8575.134	-61.597	-0.713	0.9929
mul	D18	9	3.127	3.105	-0.022	-0.714	0.9929
powf	D115	114	9860.541	9790.064	-70.477	-0.715	0.9929
asinh	D307	0	43.453	43.142	-0.311	-0.716	0.9928
sub	D230	57	9.608	9.537	-0.070	-0.733	0.9927
atanh	D924	923	2531385.600	2512322.800	-19062.800	-0.753	0.9925
to_degrees	D57	14	261.196	259.216	-1.980	-0.758	0.9924
rem	D230	0	16.778	16.650	-0.127	-0.760	0.9924
div	D307	153	359.980	357.241	-2.739	-0.761	0.9924
sqrt	D76	57	574.309	569.908	-4.401	-0.766	0.9923
tanh	D230	0	1745.116	1731.731	-13.386	-0.767	0.9923
mul	D76	57	65.202	64.699	-0.504	-0.772	0.9923
div	D115	86	163.338	162.063	-1.275	-0.780	0.9922
asin	D462	346	255425.714	253423.044	-2002.670	-0.784	0.9922
sinh	D230	57	9033.061	8961.826	-71.235	-0.789	0.9921
asinh	D230	229	96874.424	96108.574	-765.850	-0.791	0.9921
asin	D307	230	134129.020	133064.211	-1064.810	-0.794	0.9921
tan	D462	115	11962.353	11866.968	-95.385	-0.797	0.9920
sqrt	D18	4	13.442	13.334	-0.108	-0.800	0.9920
div	D616	308	1108.316	1099.444	-8.872	-0.800	0.9920
atan	D18	13	2952.715	2929.000	-23.715	-0.803	0.9920
asinh	D462	346	211896.917	210163.785	-1733.132	-0.818	0.9918
cbrt	D462	346	35823.339	35524.778	-298.561	-0.833	0.9917
to_degrees	D924	231	2765.082	2741.914	-23.168	-0.838	0.9916
cosh	D230	0	21.649	21.467	-0.182	-0.840	0.9916
asinh	D153	152	39584.546	39247.875	-336.671	-0.851	0.9915
sin	D462	231	51379.244	50935.546	-443.697	-0.864	0.9914
rem	D924	923	101.139	100.255	-0.884	-0.874	0.9913
ln	D462	231	3045.880	3019.177	-26.703	-0.877	0.9912
sinh	D462	346	169203.862	167719.490	-1484.372	-0.877	0.9912
acos	D462	346	256544.152	254264.477	-2279.675	-0.889	0.9911
cos	D76	0	3.177	3.149	-0.028	-0.891	0.9911
ln	D1232	1231	6942.455	6880.427	-62.028	-0.893	0.9911
cosh	D462	346	168636.963	167129.901	-1507.062	-0.894	0.9911
cos	D462	461	142028.088	140741.943	-1286.144	-0.906	0.9909
ln	D230	172	1292.647	1280.591	-12.056	-0.933	0.9907
sin	D462	115	9558.615	9469.399	-89.215	-0.933	0.9907
sin	D115	28	4477.489	4435.435	-42.054	-0.939	0.9906
ln	D307	0	528.868	523.888	-4.980	-0.942	0.9906
cos	D307	153	25341.387	25102.621	-238.766	-0.942	0.9906
sqrt	D57	56	770.699	763.390	-7.309	-0.948	0.9905
acosh	D76	19	5012.355	4964.799	-47.555	-0.949	0.9905
sub	D462	461	31.659	31.346	-0.313	-0.989	0.9901
to_degrees	D1232	308	4275.200	4232.861	-42.339	-0.990	0.9901
tanh	D924	0	3484.809	3450.199	-34.610	-0.993	0.9901
atanh	D1232	0	7064.175	6992.892	-71.283	-1.009	0.9899
powf	D462	346	223855.049	221592.409	-2262.640	-1.011	0.9899
neg	D76	38	1.819	1.800	-0.018	-1.012	0.9899
exp	D462	346	166011.281	164311.670	-1699.611	-1.024	0.9898
cosh	D57	14	4833.938	4783.780	-50.158	-1.038	0.9896
asinh	D115	28	13013.129	12876.721	-136.408	-1.048	0.9895
cbrt	D230	229	13828.810	13682.973	-145.837	-1.055	0.9895
cosh	D76	38	6533.093	6462.876	-70.216	-1.075	0.9893
div	D307	306	883.320	873.803	-9.517	-1.077	0.9892
div	D616	154	592.603	586.202	-6.401	-1.080	0.9892
cosh	D57	28	7290.247	7211.046	-79.201	-1.086	0.9891
acosh	D924	0	32804.287	32447.315	-356.972	-1.088	0.9891
cbrt	D115	57	2386.193	2359.980	-26.213	-1.099	0.9890
tanh	D462	346	172449.180	170551.959	-1897.221	-1.100	0.9890
cos	D924	231	71889.185	71095.587	-793.597	-1.104	0.9890
div	D924	693	2889.390	2856.776	-32.614	-1.129	0.9887
to_degrees	D462	231	1784.120	1763.854	-20.266	-1.136	0.9886
tanh	D57	14	4994.054	4937.238	-56.816	-1.138	0.9886
cos	D115	28	4796.295	4740.886	-55.409	-1.155	0.9884
acosh	D462	231	70411.981	69597.241	-814.741	-1.157	0.9884
div	D1232	924	4403.022	4351.234	-51.788	-1.176	0.9882
ln	D307	306	10587.351	10462.630	-124.721	-1.178	0.9882
sin	D307	153	24605.375	24313.247	-292.128	-1.187	0.9881
asinh	D230	172	62575.320	61829.357	-745.963	-1.192	0.9881
cbrt	D230	172	9910.850	9792.550	-118.301	-1.194	0.9881
acosh	D462	0	8718.863	8614.068	-104.795	-1.202	0.9880
cbrt	D153	114	5627.536	5559.673	-67.863	-1.206	0.9879
to_radians	D57	56	534.663	528.202	-6.461	-1.208	0.9879
atan	D462	346	224524.198	221806.072	-2718.125	-1.211	0.9879
ln	D924	462	2560.055	2529.025	-31.030	-1.212	0.9879
tan	D307	153	29728.695	29365.234	-363.461	-1.223	0.9878
cosh	D230	229	80541.013	79546.372	-994.641	-1.235	0.9877
tanh	D230	229	81936.753	80918.372	-1018.381	-1.243	0.9876
atan	D307	153	50894.852	50259.964	-634.888	-1.247	0.9875
asinh	D307	76	40624.438	40117.048	-507.391	-1.249	0.9875
powf	D616	615	443965.376	438381.371	-5584.005	-1.258	0.9874
asinh	D76	19	6846.236	6760.079	-86.156	-1.258	0.9874
exp	D230	229	78835.245	77841.334	-993.911	-1.261	0.9874
sinh	D230	172	44405.685	43838.662	-567.023	-1.277	0.9872
acosh	D924	231	156541.748	154516.387	-2025.361	-1.294	0.9871
tan	D462	346	156980.064	154937.268	-2042.796	-1.301	0.9870
exp	D115	28	6675.047	6587.801	-87.246	-1.307	0.9869
acosh	D462	346	167860.578	165659.936	-2200.643	-1.311	0.9869
atan	D462	461	209119.491	206362.416	-2757.076	-1.318	0.9868
to_degrees	D307	76	1330.551	1312.879	-17.672	-1.328	0.9867
atanh	D462	115	34354.599	33896.717	-457.882	-1.333	0.9867
atanh	D462	346	298405.969	294388.854	-4017.115	-1.346	0.9865
sub	D616	154	45.549	44.933	-0.615	-1.351	0.9865
cosh	D115	28	12469.068	12300.402	-168.665	-1.353	0.9865
sinh	D57	28	7338.422	7239.100	-99.322	-1.353	0.9865
tanh	D115	28	13189.678	13009.590	-180.088	-1.365	0.9863
tanh	D462	461	159052.726	156861.706	-2191.020	-1.378	0.9862
tanh	D230	172	45055.725	44432.284	-623.441	-1.384	0.9862
powf	D230	172	18704.828	18440.947	-263.881	-1.411	0.9859
powf	D76	57	4440.368	4376.954	-63.414	-1.428	0.9857
asinh	D462	231	101786.844	100320.072	-1466.772	-1.441	0.9856
mul	D153	76	112.144	110.502	-1.643	-1.465	0.9854
cosh	D230	172	43998.206	43353.135	-645.072	-1.466	0.9853
sinh	D115	28	12379.668	12195.231	-184.437	-1.490	0.9851
exp	D230	172	42791.825	42153.302	-638.523	-1.492	0.9851
acosh	D57	14	3709.405	3654.044	-55.361	-1.492	0.9851
to_degrees	D307	0	632.702	623.245	-9.457	-1.495	0.9851
to_radians	D462	346	3904.653	3845.461	-59.192	-1.516	0.9848
sin	D462	346	141431.243	139269.542	-2161.701	-1.528	0.9847
cosh	D616	154	36689.420	36127.705	-561.716	-1.531	0.9847
to_radians	D76	19	433.033	426.350	-6.683	-1.543	0.9846
sub	D616	0	45.761	45.051	-0.710	-1.552	0.9845
mul	D153	114	236.170	232.500	-3.670	-1.554	0.9845
sinh	D230	229	80903.820	79632.941	-1270.879	-1.571	0.9843
powf	D115	57	9172.210	9027.236	-144.974	-1.581	0.9842
hypot	D1232	616	20864.251	20529.137	-335.114	-1.606	0.9839
asin	D307	153	63044.043	62027.930	-1016.113	-1.612	0.9839
to_radians	D115	0	735.093	723.189	-11.904	-1.619	0.9838
exp	D115	57	13530.229	13310.053	-220.177	-1.627	0.9837
sinh	D38	0	2.697	2.653	-0.045	-1.651	0.9835
neg	D616	0	19.050	18.734	-0.317	-1.663	0.9834
neg	D230	57	3.021	2.970	-0.050	-1.669	0.9833
cosh	D153	0	16.517	16.240	-0.277	-1.675	0.9833
cos	D115	0	13.249	13.022	-0.227	-1.712	0.9829
cos	D462	346	142728.683	140278.368	-2450.315	-1.717	0.9828
ln	D462	461	3344.065	3286.564	-57.501	-1.719	0.9828
acosh	D307	0	10236.544	10058.759	-177.785	-1.737	0.9826
exp	D57	14	3275.300	3217.991	-57.309	-1.750	0.9825
sinh	D616	154	36680.989	36028.073	-652.916	-1.780	0.9822
to_radians	D115	57	953.615	936.626	-16.989	-1.782	0.9822
div	D38	19	14.600	14.339	-0.261	-1.791	0.9821
to_radians	D616	615	5420.295	5323.103	-97.192	-1.793	0.9821
asinh	D462	461	203603.148	199914.751	-3688.397	-1.812	0.9819
powf	D57	14	3644.777	3578.247	-66.530	-1.825	0.9817
div	D76	75	135.460	132.984	-2.476	-1.828	0.9817
to_radians	D115	28	800.182	785.487	-14.696	-1.837	0.9816
mul	D230	115	302.045	296.489	-5.556	-1.840	0.9816
ln	D924	231	2100.308	2061.230	-39.078	-1.861	0.9814
powf	D462	461	176820.728	173529.239	-3291.490	-1.861	0.9814
hypot	D924	693	24825.419	24363.033	-462.386	-1.863	0.9814
to_radians	D76	75	575.802	564.974	-10.828	-1.881	0.9812
sin	D616	0	112.636	110.485	-2.150	-1.909	0.9809
hypot	D57	28	68.768	67.453	-1.315	-1.912	0.9809
tanh	D616	154	38209.314	37478.101	-731.214	-1.914	0.9809
atanh	D57	0	459.687	450.800	-8.887	-1.933	0.9807
powf	D76	38	3985.295	3907.029	-78.266	-1.964	0.9804
cos	D153	76	9972.036	9775.463	-196.573	-1.971	0.9803
acosh	D57	0	3368.845	3302.230	-66.615	-1.977	0.9802
div	D115	28	84.572	82.890	-1.682	-1.989	0.9801
div	D924	462	1828.426	1792.040	-36.387	-1.990	0.9801
cosh	D462	231	70195.016	68765.810	-1429.206	-2.036	0.9796
sin	D924	0	156.888	153.686	-3.202	-2.041	0.9796
exp	D616	154	35199.620	34469.832	-729.788	-2.073	0.9793
ln	D18	0	3.134	3.067	-0.067	-2.142	0.9786
ln	D115	0	314.828	307.954	-6.873	-2.183	0.9782
cos	D1232	0	379.991	371.674	-8.317	-2.189	0.9781
atan	D153	152	50599.732	49486.269	-1113.463	-2.201	0.9780
ln	D924	923	4793.319	4687.687	-105.632	-2.204	0.9780
ln	D307	76	803.080	785.302	-17.778	-2.214	0.9779
atanh	D924	231	264242.116	258385.590	-5856.526	-2.216	0.9778
cos	D462	231	53332.963	52080.371	-1252.592	-2.349	0.9765
sqrt	D76	19	282.755	276.111	-6.643	-2.350	0.9765
sqrt	D38	9	20.744	20.257	-0.487	-2.350	0.9765
tanh	D462	231	73216.155	71465.425	-1750.730	-2.391	0.9761
div	D153	114	233.100	227.501	-5.599	-2.402	0.9760
sin	D462	461	141687.468	138258.203	-3429.264	-2.420	0.9758
ln	D57	14	413.513	403.454	-10.059	-2.432	0.9757
sqrt	D18	9	18.368	17.916	-0.452	-2.459	0.9754
sqrt	D153	152	2061.351	2008.655	-52.696	-2.556	0.9744
to_radians	D462	115	1110.098	1081.600	-28.498	-2.567	0.9743
powf	D115	28	8464.315	8240.489	-223.826	-2.644	0.9736
sqrt	D115	57	1019.285	992.100	-27.185	-2.667	0.9733
to_radians	D924	0	2428.321	2363.425	-64.896	-2.672	0.9733
powf	D462	115	47340.634	46070.985	-1269.649	-2.682	0.9732
div	D57	42	108.584	105.665	-2.919	-2.688	0.9731
ln	D57	42	498.883	485.051	-13.832	-2.773	0.9723
hypot	D616	462	8737.014	8487.870	-249.144	-2.852	0.9715
tan	D616	0	108.584	105.446	-3.138	-2.890	0.9711
tanh	D230	57	9241.287	8972.145	-269.143	-2.912	0.9709
add	D230	57	8.348	8.099	-0.249	-2.978	0.9702
atanh	D462	461	303493.256	294363.799	-9129.457	-3.008	0.9699
asin	D462	461	245525.790	238126.530	-7399.260	-3.014	0.9699
div	D1232	308	2004.789	1943.681	-61.108	-3.048	0.9695
div	D462	115	274.386	265.695	-8.691	-3.168	0.9683
to_degrees	D462	115	874.948	846.905	-28.043	-3.205	0.9679
sinh	D115	57	12221.386	11828.318	-393.068	-3.216	0.9678
tan	D115	57	12836.061	12421.612	-414.449	-3.229	0.9677
powf	D76	0	83.767	81.011	-2.756	-3.291	0.9671
rem	D924	693	109.114	105.465	-3.648	-3.343	0.9666
hypot	D462	231	3123.489	3015.997	-107.492	-3.441	0.9656
sqrt	D115	28	673.647	650.431	-23.216	-3.446	0.9655
hypot	D924	462	8868.529	8555.168	-313.361	-3.533	0.9647
mul	D115	28	48.844	47.117	-1.727	-3.536	0.9646
rem	D924	0	111.023	107.025	-3.999	-3.602	0.9640
atan	D115	86	27879.284	26873.316	-1005.968	-3.608	0.9639
rem	D230	57	18.639	17.948	-0.691	-3.707	0.9629
tanh	D115	57	13220.105	12724.193	-495.912	-3.751	0.9625
to_degrees	D924	0	1488.678	1432.291	-56.387	-3.788	0.9621
sin	D115	57	10114.506	9721.435	-393.070	-3.886	0.9611
div	D230	57	90.160	86.646	-3.514	-3.897	0.9610
sqrt	D462	115	2410.916	2316.776	-94.140	-3.905	0.9610
cosh	D115	57	12480.852	11988.549	-492.302	-3.944	0.9606
sqrt	D230	0	93.997	90.269	-3.727	-3.966	0.9603
mul	D230	57	67.569	64.872	-2.697	-3.991	0.9601
cbrt	D153	152	5585.673	5361.764	-223.909	-4.009	0.9599
rem	D153	0	17.145	16.448	-0.697	-4.066	0.9593
acosh	D462	461	174780.153	167305.787	-7474.366	-4.276	0.9572
ln	D57	0	281.173	269.108	-12.065	-4.291	0.9571
add	D230	0	10.341	9.897	-0.444	-4.298	0.9570
acos	D153	76	28055.338	26792.949	-1262.388	-4.500	0.9550
rem	D616	308	100.140	95.394	-4.746	-4.740	0.9526
hypot	D1232	308	6347.425	6025.718	-321.707	-5.068	0.9493
mul	D230	0	16.139	15.319	-0.821	-5.084	0.9492
sqrt	D115	114	1463.293	1387.475	-75.819	-5.181	0.9482
cos	D115	57	10285.018	9742.440	-542.578	-5.275	0.9472
hypot	D616	308	6160.793	5819.191	-341.602	-5.545	0.9446
to_radians	D462	461	3143.564	2967.643	-175.921	-5.596	0.9440
to_degrees	D115	28	583.541	550.544	-32.997	-5.655	0.9435
asinh	D38	0	2.806	2.647	-0.159	-5.678	0.9432
hypot	D1232	1231	50084.501	47122.773	-2961.727	-5.913	0.9409
hypot	D462	346	6459.443	6069.906	-389.537	-6.031	0.9397
cbrt	D307	0	339.422	317.231	-22.191	-6.538	0.9346
div	D18	4	5.838	5.437	-0.401	-6.867	0.9313
tan	D38	0	2.809	2.593	-0.216	-7.690	0.9231
div	D462	0	160.885	146.342	-14.543	-9.040	0.9096
hypot	D1232	924	27388.236	24911.819	-2476.417	-9.042	0.9096
hypot	D924	923	28476.618	25862.102	-2614.516	-9.181	0.9082
to_degrees	D38	0	2.969	2.695	-0.274	-9.242	0.9076
hypot	D307	230	3220.678	2912.217	-308.462	-9.578	0.9042
cbrt	D230	0	233.520	210.647	-22.873	-9.795	0.9021
asin	D307	76	29820.512	26849.457	-2971.056	-9.963	0.9004
cosh	D57	0	3.113	2.803	-0.310	-9.963	0.9004
asin	D153	76	27977.509	25136.836	-2840.673	-10.153	0.8985
sub	D462	115	34.363	30.789	-3.574	-10.401	0.8960
exp	D230	0	30.451	27.141	-3.309	-10.868	0.8913
div	D924	0	398.981	354.672	-44.309	-11.105	0.8889
hypot	D307	306	5543.272	4927.018	-616.254	-11.117	0.8888
asin	D76	75	20837.697	18434.550	-2403.148	-11.533	0.8847
acos	D76	75	20924.781	18466.078	-2458.703	-11.750	0.8825
div	D616	0	257.796	227.429	-30.367	-11.780	0.8822
hypot	D616	615	13444.730	11830.393	-1614.337	-12.007	0.8799
sinh	D462	115	17368.895	15267.685	-2101.210	-12.098	0.8790
cosh	D462	115	17302.038	15171.521	-2130.517	-12.314	0.8769
exp	D57	0	2.491	2.183	-0.308	-12.361	0.8764
atanh	D38	0	3.229	2.830	-0.399	-12.364	0.8764
hypot	D462	115	849.105	742.803	-106.303	-12.519	0.8748
hypot	D462	461	6091.479	5304.391	-787.088	-12.921	0.8708
acos	D307	76	30160.317	26162.039	-3998.278	-13.257	0.8674
div	D307	0	98.567	85.409	-13.158	-13.349	0.8665
div	D1232	0	612.380	529.818	-82.562	-13.482	0.8652
hypot	D924	231	3768.366	3257.886	-510.480	-13.546	0.8645
atan	D307	76	26569.003	22950.057	-3618.946	-13.621	0.8638
hypot	D115	86	842.491	706.996	-135.495	-16.083	0.8392
hypot	D230	115	1143.982	956.256	-187.727	-16.410	0.8359
hypot	D230	229	3329.612	2778.271	-551.341	-16.559	0.8344
atan	D76	75	18529.751	15408.007	-3121.744	-16.847	0.8315
hypot	D153	152	1556.716	1288.814	-267.903	-17.209	0.8279
div	D153	0	67.695	55.285	-12.410	-18.332	0.8167
hypot	D616	154	2423.662	1961.091	-462.572	-19.086	0.8091
sqrt	D153	0	120.193	96.369	-23.824	-19.821	0.8018
asin	D115	57	25050.593	20014.277	-5036.316	-20.105	0.7990
acos	D115	57	25619.160	20392.781	-5226.378	-20.400	0.7960
div	D230	0	54.188	43.039	-11.149	-20.575	0.7942
to_radians	D38	0	3.468	2.748	-0.720	-20.758	0.7924
asin	D230	57	15399.855	12191.579	-3208.276	-20.833	0.7917
hypot	D115	114	977.667	766.768	-210.900	-21.572	0.7843
asin	D76	19	9820.240	7658.605	-2161.635	-22.012	0.7799
div	D115	0	58.367	45.410	-12.957	-22.198	0.7780
acos	D76	57	15328.456	11896.723	-3431.733	-22.388	0.7761
asin	D76	57	15292.805	11859.172	-3433.633	-22.453	0.7755
hypot	D230	57	344.154	265.647	-78.507	-22.812	0.7719
hypot	D307	153	2136.381	1645.354	-491.027	-22.984	0.7702
acos	D57	56	18274.787	14015.360	-4259.427	-23.308	0.7669
hypot	D230	172	2398.992	1838.193	-560.798	-23.376	0.7662
asin	D57	56	18234.786	13971.056	-4263.730	-23.382	0.7662
atan	D115	57	22288.234	16950.062	-5338.173	-23.951	0.7605
acos	D230	57	16020.583	12159.001	-3861.582	-24.104	0.7590
hypot	D76	38	453.236	342.221	-111.015	-24.494	0.7551
hypot	D307	76	958.775	720.612	-238.163	-24.840	0.7516
atan	D153	76	22191.513	16661.369	-5530.144	-24.920	0.7508
acos	D76	19	9792.259	7310.996	-2481.263	-25.339	0.7466
sqrt	D38	19	44.428	32.684	-11.744	-26.433	0.7357
hypot	D153	114	1382.792	999.585	-383.207	-27.713	0.7229
atan	D76	57	13485.188	9708.661	-3776.526	-28.005	0.7200
sqrt	D115	0	122.975	88.367	-34.609	-28.143	0.7186
cbrt	D924	0	703.561	496.311	-207.250	-29.457	0.7054
acos	D38	28	9400.705	6618.982	-2781.722	-29.591	0.7041
atan	D230	57	14315.531	10059.885	-4255.645	-29.727	0.7027
asin	D38	28	9375.705	6588.309	-2787.397	-29.730	0.7027
asin	D57	28	11645.621	8056.502	-3589.119	-30.819	0.6918
acos	D38	37	14128.274	9770.841	-4357.433	-30.842	0.6916
acos	D57	28	11643.844	8051.637	-3592.206	-30.851	0.6915
asin	D115	28	11916.494	8150.539	-3765.955	-31.603	0.6840
acos	D115	28	11962.573	8151.337	-3811.236	-31.860	0.6814
acos	D57	14	7828.301	5331.235	-2497.066	-31.898	0.6810
acos	D153	38	15087.331	10261.020	-4826.310	-31.989	0.6801
asin	D153	38	15079.068	10232.650	-4846.418	-32.140	0.6786
asin	D57	14	7798.050	5286.521	-2511.529	-32.207	0.6779
powf	D18	17	5343.837	3603.046	-1740.791	-32.576	0.6742
atan	D76	19	8432.525	5633.463	-2799.062	-33.194	0.6681
log	D462	115	12914.625	8623.533	-4291.092	-33.227	0.6677
asin	D57	42	15470.025	10287.003	-5183.022	-33.504	0.6650
asin	D38	37	14689.810	9742.960	-4946.850	-33.675	0.6632
acos	D57	42	15659.081	10347.531	-5311.551	-33.920	0.6608
acos	D38	9	7914.475	5211.100	-2703.375	-34.157	0.6584
asin	D38	9	7905.378	5188.256	-2717.123	-34.371	0.6563
hypot	D76	57	482.923	315.302	-167.621	-34.710	0.6529
cbrt	D616	0	667.666	433.111	-234.555	-35.131	0.6487
asin	D76	38	12650.490	8158.554	-4491.936	-35.508	0.6449
acos	D76	38	12675.727	8171.965	-4503.762	-35.531	0.6447
atan	D38	28	8159.089	5248.724	-2910.365	-35.670	0.6433
div	D57	14	40.436	25.815	-14.621	-36.159	0.6384
exp	D18	17	4739.301	2987.453	-1751.848	-36.964	0.6304
atan	D38	37	12207.723	7641.304	-4566.419	-37.406	0.6259
log	D230	0	6674.123	4166.965	-2507.158	-37.565	0.6243
atan	D57	14	6611.672	4121.108	-2490.564	-37.669	0.6233
log	D18	17	9284.971	5754.534	-3530.437	-38.023	0.6198
atan	D153	38	13160.317	8155.065	-5005.252	-38.033	0.6197
div	D57	0	37.989	23.359	-14.629	-38.510	0.6149
atan	D57	28	10167.539	6245.715	-3921.824	-38.572	0.6143
log	D76	0	4387.150	2676.638	-1710.513	-38.989	0.6101
div	D76	0	40.359	24.623	-15.736	-38.989	0.6101
log	D115	86	8388.559	5094.348	-3294.211	-39.270	0.6073
atan	D115	28	10395.074	6284.661	-4110.413	-39.542	0.6046
log	D153	0	7865.640	4727.941	-3137.699	-39.891	0.6011
log	D76	38	3579.508	2149.273	-1430.235	-39.956	0.6004
log	D57	42	4438.853	2663.657	-1775.196	-39.992	0.6001
log	D115	0	8363.745	5010.945	-3352.801	-40.087	0.5991
log	D153	38	8707.540	5210.513	-3497.027	-40.161	0.5984
log	D57	56	4736.131	2824.633	-1911.498	-40.360	0.5964
log	D153	76	9305.541	5543.221	-3762.320	-40.431	0.5957
log	D76	57	4034.867	2400.783	-1634.084	-40.499	0.5950
log	D307	76	19295.710	11470.934	-7824.776	-40.552	0.5945
log	D57	0	4019.269	2388.016	-1631.253	-40.586	0.5941
hypot	D153	76	1052.448	624.213	-428.236	-40.689	0.5931
log	D115	57	9041.421	5361.951	-3679.470	-40.696	0.5930
log	D153	114	10187.167	6033.803	-4153.363	-40.771	0.5923
log	D76	75	4903.804	2903.645	-2000.159	-40.788	0.5921
log	D115	114	9222.704	5458.685	-3764.019	-40.813	0.5919
log	D1232	0	58183.773	34387.966	-23795.808	-40.898	0.5910
atan	D57	42	13790.999	8149.557	-5641.441	-40.907	0.5909
log	D230	115	11798.001	6965.661	-4832.340	-40.959	0.5904
log	D616	154	40155.973	23693.811	-16462.162	-40.996	0.5900
log	D616	0	27443.590	16167.830	-11275.761	-41.087	0.5891
log	D462	231	20080.335	11825.200	-8255.134	-41.111	0.5889
log	D307	230	25616.157	15054.147	-10562.010	-41.232	0.5877
log	D57	28	4429.850	2600.732	-1829.118	-41.291	0.5871
log	D462	0	10884.587	6375.323	-4509.264	-41.428	0.5857
log	D924	0	40858.469	23913.621	-16944.847	-41.472	0.5853
log	D230	172	15284.005	8945.299	-6338.706	-41.473	0.5853
log	D307	0	13078.814	7644.901	-5433.913	-41.547	0.5845
log	D153	152	9949.275	5814.991	-4134.284	-41.554	0.5845
log	D307	153	21336.324	12465.629	-8870.696	-41.576	0.5842
log	D230	229	17275.198	10092.213	-7182.985	-41.580	0.5842
log	D307	306	26415.287	15425.857	-10989.430	-41.603	0.5840
log	D115	28	8672.621	5058.665	-3613.956	-41.671	0.5833
hypot	D76	75	1042.220	607.890	-434.331	-41.674	0.5833
log	D76	19	4829.156	2813.252	-2015.905	-41.744	0.5826
log	D924	231	68519.422	39760.517	-28758.905	-41.972	0.5803
atan	D76	38	11073.161	6424.463	-4648.698	-41.982	0.5802
log	D57	14	3579.411	2068.210	-1511.201	-42.219	0.5778
log	D230	57	7859.612	4539.827	-3319.786	-42.239	0.5776
log	D924	462	82725.666	47558.634	-35167.032	-42.510	0.5749
log	D462	346	30130.361	17320.303	-12810.058	-42.515	0.5748
log	D616	462	54241.656	31155.941	-23085.714	-42.561	0.5744
cbrt	D115	0	336.171	193.080	-143.091	-42.565	0.5744
log	D616	308	56998.144	32713.445	-24284.699	-42.606	0.5739
log	D1232	308	116893.823	67081.824	-49811.999	-42.613	0.5739
log	D1232	616	168230.227	96531.536	-71698.691	-42.619	0.5738
powf	D38	9	7447.245	4245.249	-3201.996	-42.996	0.5700
log	D924	693	134739.966	76758.555	-57981.411	-43.032	0.5697
log	D1232	924	203275.998	115646.303	-87629.695	-43.109	0.5689
log	D924	923	150685.788	85558.286	-65127.501	-43.221	0.5678
log	D616	615	60719.305	34463.007	-26256.298	-43.242	0.5676
powf	D18	9	6903.228	3902.984	-3000.244	-43.461	0.5654
log	D1232	1231	250226.346	141389.456	-108836.890	-43.495	0.5650
powf	D18	13	8025.758	4488.718	-3537.040	-44.071	0.5593
log	D462	461	20348.022	11337.024	-9010.998	-44.284	0.5572
sin	D18	17	3914.270	2167.000	-1747.269	-44.638	0.5536
cos	D18	17	3959.924	2187.129	-1772.795	-44.768	0.5523
powf	D38	19	8923.116	4898.376	-4024.740	-45.105	0.5490
hypot	D57	56	704.805	384.839	-319.966	-45.398	0.5460
hypot	D153	38	703.275	379.756	-323.519	-46.002	0.5400
log	D38	0	4699.839	2523.614	-2176.226	-46.304	0.5370
powf	D38	28	7913.555	4207.539	-3706.016	-46.831	0.5317
powf	D38	37	10243.157	5394.068	-4849.089	-47.340	0.5266
exp	D38	9	6758.365	3553.310	-3205.055	-47.424	0.5258
acos	D38	19	8663.283	4553.150	-4110.133	-47.443	0.5256
tan	D18	17	7367.091	3850.634	-3516.457	-47.732	0.5227
hypot	D115	57	710.527	370.821	-339.707	-47.811	0.5219
log	D38	37	18586.868	9684.599	-8902.269	-47.895	0.5210
asin	D38	19	8604.468	4480.772	-4123.696	-47.925	0.5207
exp	D18	9	6259.177	3258.014	-3001.163	-47.948	0.5205
hypot	D57	42	697.840	362.893	-334.947	-47.998	0.5200
exp	D18	13	7324.239	3804.404	-3519.835	-48.057	0.5194
exp	D38	19	8217.236	4214.070	-4003.166	-48.717	0.5128
atan	D38	9	8766.640	4409.662	-4356.978	-49.700	0.5030
exp	D38	28	7354.017	3670.177	-3683.840	-50.093	0.4991
log	D18	9	11639.745	5790.583	-5849.162	-50.252	0.4975
tanh	D18	17	6780.046	3277.097	-3502.949	-51.666	0.4833
exp	D38	37	9870.873	4734.386	-5136.487	-52.037	0.4796
log	D38	9	12413.071	5921.130	-6491.941	-52.299	0.4770
log	D18	13	13576.036	6439.589	-7136.446	-52.566	0.4743
log	D38	19	15543.409	7371.558	-8171.851	-52.574	0.4743
log	D38	28	14238.198	6713.277	-7524.922	-52.850	0.4715
sinh	D18	17	6648.619	3124.794	-3523.825	-53.001	0.4700
cosh	D18	17	6636.476	3115.403	-3521.074	-53.056	0.4694
atanh	D18	17	6623.027	3089.353	-3533.674	-53.354	0.4665
cos	D38	9	5962.763	2730.546	-3232.217	-54.207	0.4579
cos	D18	9	5506.302	2505.410	-3000.893	-54.499	0.4550
atan	D38	19	7158.542	3200.797	-3957.746	-55.287	0.4471
cos	D38	19	7328.523	3262.376	-4066.146	-55.484	0.4452
cos	D18	13	6414.484	2842.121	-3572.363	-55.692	0.4431
sin	D38	9	5771.971	2550.840	-3221.131	-55.806	0.4419
sin	D18	13	6334.971	2796.857	-3538.114	-55.851	0.4415
rem	D38	0	5.731	2.523	-3.208	-55.982	0.4402
sin	D18	9	5324.695	2337.379	-2987.316	-56.103	0.4390
cos	D38	28	6664.927	2914.729	-3750.199	-56.268	0.4373
sin	D38	19	7127.867	3079.662	-4048.205	-56.794	0.4321
powf	D18	4	4874.665	2099.053	-2775.612	-56.940	0.4306
sin	D38	28	6511.722	2775.736	-3735.986	-57.373	0.4263
cos	D38	37	8939.843	3785.464	-5154.379	-57.656	0.4234
sin	D38	37	8885.520	3735.726	-5149.794	-57.957	0.4204
rem	D38	9	8.455	3.528	-4.927	-58.278	0.4172
cbrt	D153	0	532.689	221.579	-311.110	-58.404	0.4160
tan	D38	9	10745.923	4356.543	-6389.379	-59.459	0.4054
tan	D18	9	9930.162	3965.421	-5964.741	-60.067	0.3993
tan	D18	13	11670.417	4623.358	-7047.058	-60.384	0.3962
tan	D38	19	13224.615	5172.125	-8052.490	-60.890	0.3911
tan	D38	28	12063.685	4631.288	-7432.397	-61.610	0.3839
exp	D18	4	4424.374	1670.173	-2754.201	-62.251	0.3775
tanh	D38	9	10318.159	3867.648	-6450.511	-62.516	0.3748
tan	D38	37	16349.773	6112.571	-10237.202	-62.614	0.3739
tanh	D18	9	9593.417	3565.612	-6027.805	-62.833	0.3717
tanh	D18	13	11244.178	4138.221	-7105.957	-63.197	0.3680
acos	D1232	0	5548.735	2029.664	-3519.071	-63.421	0.3658
log	D18	4	8735.618	3186.271	-5549.347	-63.526	0.3647
cosh	D38	9	10184.370	3688.189	-6496.180	-63.786	0.3621
sinh	D38	9	10191.205	3688.161	-6503.044	-63.810	0.3619
cosh	D18	9	9437.254	3397.486	-6039.768	-63.999	0.3600
sinh	D18	9	9448.719	3388.891	-6059.828	-64.134	0.3587
asin	D1232	0	5465.314	1959.636	-3505.678	-64.144	0.3586
cosh	D18	13	11045.313	3946.951	-7098.362	-64.266	0.3573
sinh	D18	13	11059.583	3951.845	-7107.738	-64.268	0.3573
log	D18	0	6327.286	2239.412	-4087.873	-64.607	0.3539
tanh	D38	19	12476.284	4406.289	-8069.995	-64.683	0.3532
sinh	D38	19	12453.143	4364.054	-8089.090	-64.956	0.3504
cosh	D38	19	12446.357	4356.692	-8089.665	-64.996	0.3500
tanh	D38	28	11259.241	3806.975	-7452.266	-66.188	0.3381
cosh	D38	28	11243.014	3797.638	-7445.376	-66.222	0.3378
sinh	D38	28	11247.929	3798.270	-7449.659	-66.231	0.3377
acos	D924	0	5033.729	1683.508	-3350.221	-66.555	0.3344
sinh	D38	37	14940.788	4919.734	-10021.054	-67.072	0.3293
atanh	D18	9	8820.841	2871.871	-5948.970	-67.442	0.3256
tanh	D38	37	15264.603	4964.626	-10299.977	-67.476	0.3252
acos	D616	0	4812.913	1556.835	-3256.078	-67.653	0.3235
cosh	D38	37	15265.083	4931.030	-10334.054	-67.697	0.3230
cbrt	D115	28	2298.294	742.110	-1556.184	-67.710	0.3229
cbrt	D230	57	2565.914	824.309	-1741.605	-67.875	0.3213
atanh	D38	37	14987.445	4810.229	-10177.216	-67.905	0.3210
asin	D924	0	4873.732	1558.138	-3315.593	-68.030	0.3197
cbrt	D616	154	14333.348	4525.616	-9807.732	-68.426	0.3157
cbrt	D1232	308	52302.569	16351.267	-35951.302	-68.737	0.3126
acos	D38	0	3361.795	1049.611	-2312.184	-68.778	0.3122
cbrt	D153	38	2669.281	830.995	-1838.287	-68.868	0.3113
acos	D76	0	5192.616	1609.478	-3583.138	-69.004	0.3100
atanh	D18	13	10336.401	3190.504	-7145.897	-69.133	0.3087
sqrt	D616	154	5879.122	1814.559	-4064.563	-69.136	0.3086
atanh	D38	9	9404.257	2901.011	-6503.245	-69.152	0.3085
acos	D462	0	3585.106	1102.980	-2482.126	-69.234	0.3077
acos	D153	0	4883.237	1499.713	-3383.524	-69.289	0.3071
atanh	D38	19	11763.778	3602.377	-8161.401	-69.377	0.3062
acos	D115	0	5086.920	1557.387	-3529.533	-69.384	0.3062
asin	D616	0	4676.650	1429.197	-3247.453	-69.440	0.3056
cbrt	D307	76	5738.767	1728.706	-4010.061	-69.877	0.3012
atanh	D38	28	10763.877	3223.662	-7540.215	-70.051	0.2995
asin	D115	0	4984.895	1484.819	-3500.076	-70.214	0.2979
acosh	D18	17	20469.509	6053.027	-14416.482	-70.429	0.2957
acos	D57	0	4855.932	1434.578	-3421.354	-70.457	0.2954
asin	D76	0	5087.068	1501.419	-3585.649	-70.486	0.2951
cos	D18	4	3980.847	1173.104	-2807.743	-70.531	0.2947
acos	D307	0	4217.508	1236.588	-2980.919	-70.680	0.2932
asin	D462	0	3488.338	1016.844	-2471.495	-70.850	0.2915
cbrt	D924	231	31239.085	9054.514	-22184.572	-71.015	0.2898
asin	D57	0	4590.334	1315.892	-3274.441	-71.333	0.2867
asin	D38	0	3267.805	930.289	-2337.516	-71.532	0.2847
asin	D153	0	4886.440	1387.808	-3498.632	-71.599	0.2840
sin	D18	4	3838.846	1070.543	-2768.303	-72.113	0.2789
asin	D307	0	4093.283	1138.234	-2955.049	-72.193	0.2781
acos	D230	0	3371.478	935.368	-2436.109	-72.256	0.2774
asin	D230	0	3024.111	836.433	-2187.678	-72.341	0.2766
tan	D18	4	7650.867	2115.823	-5535.045	-72.345	0.2765
tanh	D18	4	7373.509	1827.229	-5546.280	-75.219	0.2478
sqrt	D230	57	1089.821	268.425	-821.396	-75.370	0.2463
rem	D38	19	14.559	3.521	-11.038	-75.815	0.2419
sinh	D18	4	7365.368	1780.137	-5585.231	-75.831	0.2417
cosh	D18	4	7360.953	1776.966	-5583.988	-75.860	0.2414
rem	D38	37	13.263	3.190	-10.072	-75.944	0.2406
atanh	D18	4	7368.822	1771.903	-5596.919	-75.954	0.2405
sqrt	D924	231	11178.252	2684.324	-8493.929	-75.986	0.2401
rem	D38	28	11.822	2.736	-9.086	-76.859	0.2314
atan	D462	0	2144.212	488.271	-1655.941	-77.228	0.2277
acosh	D38	0	13131.475	2941.735	-10189.740	-77.598	0.2240
sqrt	D38	28	1272.360	276.059	-996.300	-78.303	0.2170
sqrt	D38	37	2844.869	602.447	-2242.422	-78.823	0.2118
atan	D1232	0	4803.200	1016.826	-3786.374	-78.830	0.2117
cbrt	D462	115	10327.871	2132.002	-8195.869	-79.357	0.2064
atan	D924	0	4032.571	750.877	-3281.694	-81.380	0.1862
acosh	D18	9	33214.785	5848.646	-27366.140	-82.391	0.1761
asin	D18	17	19676.233	3355.277	-16320.956	-82.948	0.1705
acos	D18	17	19692.501	3355.129	-16337.372	-82.962	0.1704
acosh	D38	9	35492.890	5905.577	-29587.313	-83.361	0.1664
acosh	D18	13	38970.728	6445.803	-32524.925	-83.460	0.1654
atan	D616	0	3882.570	625.605	-3256.965	-83.887	0.1611
acosh	D38	19	44262.356	7124.755	-37137.602	-83.903	0.1610
acosh	D38	37	61499.846	9606.824	-51893.022	-84.379	0.1562
atan	D76	0	4218.841	637.667	-3581.173	-84.885	0.1511
acosh	D38	28	44460.198	6488.424	-37971.773	-85.406	0.1459
atan	D153	0	3891.488	565.795	-3325.693	-85.461	0.1454
atan	D115	0	4102.468	591.250	-3511.218	-85.588	0.1441
atan	D57	0	3818.591	544.130	-3274.461	-85.751	0.1425
asinh	D18	17	19063.162	2657.294	-16405.868	-86.061	0.1394
atan	D230	0	2458.276	340.131	-2118.145	-86.164	0.1384
atan	D307	0	3410.391	459.315	-2951.075	-86.532	0.1347
atan	D38	0	3671.648	466.274	-3205.375	-87.301	0.1270
acosh	D18	4	29176.779	3658.499	-25518.280	-87.461	0.1254
acosh	D18	0	21241.325	2637.644	-18603.680	-87.582	0.1242
acos	D18	9	27697.413	3214.929	-24482.484	-88.393	0.1161
asin	D18	9	27703.387	3196.250	-24507.137	-88.463	0.1154
acos	D18	13	32446.666	3526.980	-28919.686	-89.130	0.1087
asin	D18	13	32420.161	3511.221	-28908.940	-89.170	0.1083
cbrt	D38	0	2480.145	235.524	-2244.621	-90.504	0.0950
asinh	D18	9	27094.331	2545.848	-24548.484	-90.604	0.0940
div	D38	28	629.766	58.374	-571.393	-90.731	0.0927
acos	D18	4	21812.613	2014.680	-19797.933	-90.764	0.0924
asin	D18	4	21814.154	2004.927	-19809.226	-90.809	0.0919
asinh	D18	13	31824.804	2881.434	-28943.370	-90.946	0.0905
asinh	D38	9	29015.878	2623.074	-26392.804	-90.960	0.0904
asinh	D38	28	33291.070	2938.608	-30352.462	-91.173	0.0883
asinh	D38	19	36168.565	3157.560	-33011.006	-91.270	0.0873
cbrt	D38	37	9643.574	834.558	-8809.016	-91.346	0.0865
asinh	D38	37	51227.064	4238.209	-46988.855	-91.727	0.0827
asinh	D18	4	21528.540	1731.542	-19796.998	-91.957	0.0804
to_degrees	D18	17	1938.316	135.415	-1802.900	-93.014	0.0699
div	D38	37	944.865	60.654	-884.210	-93.581	0.0642
cbrt	D18	17	3899.272	227.173	-3672.099	-94.174	0.0583
cbrt	D38	19	8703.526	462.498	-8241.028	-94.686	0.0531
cbrt	D38	28	8461.969	429.698	-8032.271	-94.922	0.0508
to_degrees	D38	9	3471.126	169.800	-3301.325	-95.108	0.0489
to_degrees	D18	9	3234.039	156.135	-3077.904	-95.172	0.0483
cbrt	D38	9	5809.142	280.229	-5528.913	-95.176	0.0482
to_degrees	D18	13	3800.320	173.460	-3626.860	-95.436	0.0456
to_degrees	D18	4	3001.472	132.343	-2869.129	-95.591	0.0441
to_degrees	D38	19	4312.115	178.094	-4134.022	-95.870	0.0413
to_degrees	D38	28	3947.485	153.782	-3793.703	-96.104	0.0390
cbrt	D18	13	8695.824	304.948	-8390.876	-96.493	0.0351
to_degrees	D38	37	5433.320	185.617	-5247.703	-96.584	0.0342
cbrt	D18	9	5147.615	153.828	-4993.786	-97.012	0.0299
cbrt	D18	0	4442.516	122.742	-4319.774	-97.237	0.0276
cbrt	D18	4	5136.359	132.192	-5004.167	-97.426	0.0257
