op	width	scale	prod_ns	branch_ns	delta_ns	delta_pct	ratio
cos	D18	0	0.703	4.747	4.044	575.164	6.7516
asin	D18	0	0.703	4.571	3.869	550.623	6.5062
to_radians	D18	0	0.703	4.571	3.868	550.596	6.5060
atan	D18	0	0.703	4.393	3.691	525.168	6.2517
tan	D18	0	0.704	4.250	3.547	504.129	6.0413
sin	D18	0	0.703	4.218	3.516	500.390	6.0039
ln	D18	0	0.703	4.043	3.340	475.285	5.7528
exp	D18	0	0.703	3.164	2.461	350.198	4.5020
powf	D18	0	2.109	9.139	7.030	333.416	4.3342
cos	D38	0	1.244	4.981	3.737	300.345	4.0034
tan	D38	0	1.244	4.362	3.118	250.618	3.5062
to_radians	D38	0	1.244	4.358	3.114	250.342	3.5034
sin	D38	0	1.244	4.358	3.114	250.336	3.5034
div	D18	0	2.696	6.500	3.803	141.063	2.4106
add	D18	17	0.552	1.150	0.598	108.235	2.0824
rem	D38	28	9.640	19.383	9.744	101.078	2.0108
sub	D18	17	0.553	1.085	0.533	96.402	1.9640
sqrt	D38	9	20.625	36.533	15.907	77.125	1.7713
ln	D38	0	1.244	2.180	0.936	75.213	1.7521
rem	D38	37	9.706	16.564	6.857	70.649	1.7065
to_degrees	D18	0	2.460	4.004	1.544	62.769	1.6277
exp	D38	0	1.244	1.868	0.625	50.222	1.5022
div	D18	9	4.219	6.338	2.118	50.206	1.5021
div	D18	4	4.221	6.317	2.096	49.670	1.4967
to_degrees	D38	0	2.800	4.049	1.249	44.621	1.4462
mul	D38	28	24.128	33.565	9.437	39.111	1.3911
mul	D18	9	2.384	3.217	0.833	34.961	1.3496
div	D18	13	6.837	9.196	2.359	34.495	1.3450
mul	D18	17	3.920	5.246	1.327	33.849	1.3385
mul	D38	9	10.549	13.716	3.167	30.021	1.3002
neg	D924	462	75.688	97.027	21.338	28.192	1.2819
neg	D924	693	66.282	84.764	18.482	27.885	1.2788
add	D462	461	25.567	32.670	7.103	27.783	1.2778
add	D462	231	16.976	21.610	4.634	27.301	1.2730
hypot	D18	0	13.615	17.242	3.627	26.639	1.2664
add	D462	346	25.733	32.551	6.818	26.494	1.2649
add	D462	115	23.493	29.652	6.158	26.212	1.2621
mul	D38	37	23.323	29.382	6.059	25.977	1.2598
mul	D18	4	2.461	3.076	0.615	24.977	1.2498
rem	D38	19	9.963	12.393	2.430	24.388	1.2439
exp	D616	0	142.089	175.312	33.223	23.382	1.2338
mul	D38	19	21.572	26.245	4.673	21.662	1.2166
neg	D924	231	56.878	69.168	12.290	21.608	1.2161
rem	D38	9	6.684	8.056	1.371	20.517	1.2052
mul	D18	13	4.219	5.010	0.791	18.757	1.1876
cosh	D38	0	3.422	4.047	0.625	18.259	1.1826
sinh	D38	0	3.423	4.047	0.624	18.234	1.1823
powf	D38	0	5.287	6.237	0.950	17.959	1.1796
rem	D38	0	6.231	7.174	0.943	15.139	1.1514
div	D18	17	8.052	9.212	1.160	14.404	1.1440
asinh	D616	0	77.669	88.801	11.131	14.332	1.1433
neg	D924	923	68.699	76.854	8.155	11.871	1.1187
div	D38	19	13.618	15.196	1.578	11.588	1.1159
sqrt	D38	0	6.751	7.505	0.754	11.162	1.1116
atanh	D18	0	3.164	3.516	0.352	11.118	1.1112
cosh	D18	0	3.180	3.517	0.337	10.611	1.1061
mul	D230	229	954.901	1045.524	90.623	9.490	1.0949
asinh	D38	0	3.422	3.735	0.314	9.165	1.0916
atanh	D38	0	3.422	3.736	0.314	9.165	1.0916
powf	D616	0	787.445	859.213	71.768	9.114	1.0911
neg	D18	17	0.317	0.345	0.029	9.011	1.0901
sqrt	D18	4	15.339	16.463	1.124	7.326	1.0733
sub	D462	0	43.268	46.385	3.117	7.204	1.0720
neg	D38	0	1.242	1.327	0.085	6.832	1.0683
neg	D38	19	1.242	1.325	0.082	6.630	1.0663
div	D38	9	11.611	12.362	0.751	6.467	1.0647
neg	D115	114	2.716	2.886	0.170	6.275	1.0628
div	D38	0	9.037	9.547	0.510	5.642	1.0564
ln	D462	231	1942.427	2048.841	106.414	5.478	1.0548
rem	D616	462	74.052	78.000	3.948	5.331	1.0533
cbrt	D18	0	5462.467	5727.260	264.793	4.847	1.0485
neg	D76	75	2.517	2.630	0.114	4.512	1.0451
tanh	D18	0	3.379	3.516	0.137	4.060	1.0406
atan	D18	13	2829.676	2930.260	100.585	3.555	1.0355
atan	D18	9	2604.535	2687.250	82.715	3.176	1.0318
neg	D38	37	1.405	1.447	0.042	2.999	1.0300
neg	D38	28	1.406	1.446	0.041	2.896	1.0290
neg	D38	9	1.406	1.446	0.040	2.871	1.0287
atan	D18	17	2780.478	2851.697	71.219	2.561	1.0256
to_radians	D153	0	629.070	644.860	15.790	2.510	1.0251
add	D307	0	18.129	18.561	0.432	2.381	1.0238
add	D307	153	18.130	18.549	0.418	2.306	1.0231
mul	D38	0	3.422	3.496	0.073	2.142	1.0214
add	D307	76	18.135	18.523	0.388	2.140	1.0214
add	D230	172	15.199	15.497	0.298	1.961	1.0196
ln	D38	37	400.856	407.006	6.150	1.534	1.0153
add	D230	229	15.170	15.392	0.222	1.463	1.0146
sqrt	D38	19	30.753	31.133	0.380	1.237	1.0124
sub	D307	153	23.208	23.493	0.285	1.228	1.0123
add	D153	38	5.882	5.954	0.072	1.217	1.0122
atanh	D38	19	10877.329	11007.137	129.808	1.193	1.0119
sub	D307	0	23.234	23.509	0.275	1.185	1.0118
add	D153	76	5.875	5.941	0.066	1.121	1.0112
sub	D307	76	23.231	23.489	0.259	1.113	1.0111
ln	D38	9	386.487	390.727	4.239	1.097	1.0110
log	D38	19	14388.775	14531.083	142.309	0.989	1.0099
atanh	D18	13	10251.379	10336.028	84.649	0.826	1.0083
atanh	D38	28	13763.096	13876.518	113.422	0.824	1.0082
neg	D115	86	3.528	3.554	0.025	0.721	1.0072
atanh	D38	9	9333.749	9400.888	67.139	0.719	1.0072
div	D38	37	1059.034	1066.581	7.546	0.713	1.0071
sub	D307	230	24.985	25.161	0.176	0.704	1.0070
atanh	D18	9	9338.068	9403.473	65.405	0.700	1.0070
add	D307	306	19.504	19.640	0.135	0.694	1.0069
atan	D18	4	1617.666	1628.782	11.116	0.687	1.0069
add	D57	0	2.497	2.513	0.016	0.648	1.0065
acosh	D38	19	41040.549	41302.679	262.129	0.639	1.0064
atanh	D38	37	15947.492	16047.285	99.793	0.626	1.0063
add	D115	28	4.381	4.405	0.024	0.552	1.0055
add	D57	28	2.243	2.256	0.012	0.546	1.0055
add	D115	0	4.380	4.403	0.023	0.532	1.0053
add	D230	0	13.850	13.918	0.069	0.496	1.0050
add	D18	13	1.054	1.059	0.005	0.466	1.0047
ln	D18	13	394.634	396.429	1.795	0.455	1.0045
acosh	D18	9	35359.297	35515.424	156.127	0.442	1.0044
add	D76	0	3.477	3.491	0.015	0.418	1.0042
acosh	D18	13	38812.923	38964.922	151.999	0.392	1.0039
add	D115	86	4.976	4.995	0.018	0.364	1.0036
to_radians	D307	0	1413.210	1418.350	5.140	0.364	1.0036
acosh	D38	28	57162.841	57369.213	206.373	0.361	1.0036
log	D18	13	13538.838	13583.600	44.762	0.331	1.0033
asin	D18	13	32308.699	32412.116	103.417	0.320	1.0032
add	D153	0	6.609	6.630	0.021	0.317	1.0032
add	D230	115	13.843	13.887	0.044	0.316	1.0032
add	D153	114	6.613	6.633	0.020	0.309	1.0031
asinh	D38	19	33628.165	33729.696	101.532	0.302	1.0030
add	D57	14	2.248	2.255	0.007	0.299	1.0030
add	D115	57	4.972	4.987	0.015	0.292	1.0029
log	D38	28	18295.086	18346.122	51.036	0.279	1.0028
add	D76	75	3.478	3.487	0.010	0.278	1.0028
add	D76	19	3.476	3.486	0.010	0.276	1.0028
acosh	D38	9	35365.153	35462.507	97.354	0.275	1.0028
asinh	D18	9	28973.583	29047.345	73.762	0.255	1.0025
add	D76	57	3.475	3.483	0.008	0.239	1.0024
acosh	D38	37	65918.965	66075.950	156.985	0.238	1.0024
asin	D18	17	17789.915	17830.989	41.073	0.231	1.0023
add	D230	57	13.812	13.842	0.029	0.211	1.0021
add	D307	230	19.535	19.576	0.041	0.211	1.0021
acos	D18	13	32366.379	32433.664	67.285	0.208	1.0021
add	D18	0	1.054	1.056	0.002	0.204	1.0020
log	D38	37	21112.672	21154.956	42.285	0.200	1.0020
log	D18	9	12385.796	12410.536	24.739	0.200	1.0020
asin	D18	9	29598.108	29652.146	54.038	0.183	1.0018
add	D153	152	6.624	6.636	0.012	0.177	1.0018
add	D57	42	2.245	2.249	0.004	0.174	1.0017
asinh	D38	28	42873.075	42945.965	72.890	0.170	1.0017
log	D38	9	12383.483	12403.909	20.426	0.165	1.0016
asinh	D38	37	55113.786	55202.132	88.345	0.160	1.0016
asin	D18	4	23226.669	23263.630	36.960	0.159	1.0016
ln	D38	19	368.854	369.413	0.559	0.151	1.0015
sub	D18	9	1.054	1.056	0.002	0.149	1.0015
sinh	D18	9	10199.892	10214.742	14.850	0.146	1.0015
neg	D153	114	4.597	4.604	0.007	0.142	1.0014
asinh	D18	13	31771.439	31815.188	43.750	0.138	1.0014
cosh	D38	19	11515.874	11531.289	15.416	0.134	1.0013
add	D18	9	1.054	1.056	0.001	0.128	1.0013
sub	D18	13	1.054	1.056	0.001	0.127	1.0013
sub	D18	0	1.054	1.055	0.001	0.126	1.0013
asinh	D38	9	28964.262	28999.095	34.834	0.120	1.0012
acos	D18	9	29631.535	29666.330	34.795	0.117	1.0012
add	D18	4	1.054	1.055	0.001	0.107	1.0011
tanh	D38	0	3.734	3.737	0.003	0.089	1.0009
cosh	D38	9	10193.322	10201.885	8.563	0.084	1.0008
add	D57	56	2.498	2.500	0.002	0.083	1.0008
neg	D153	152	4.593	4.596	0.004	0.080	1.0008
sub	D18	4	1.054	1.055	0.001	0.061	1.0006
sinh	D38	19	11523.401	11530.185	6.784	0.059	1.0006
exp	D38	19	7566.354	7570.578	4.224	0.056	1.0006
ln	D18	9	387.517	387.714	0.196	0.051	1.0005
neg	D18	13	0.703	0.703	0.000	0.047	1.0005
add	D76	38	3.084	3.085	0.001	0.036	1.0004
neg	D18	9	0.703	0.703	0.000	0.033	1.0003
rem	D18	0	2.108	2.108	0.001	0.032	1.0003
neg	D18	4	0.703	0.703	0.000	0.025	1.0003
neg	D18	0	0.703	0.703	0.000	0.024	1.0002
rem	D18	13	2.459	2.460	0.000	0.014	1.0001
rem	D18	17	2.878	2.878	0.000	0.010	1.0001
cbrt	D38	0	5073.889	5074.406	0.516	0.010	1.0001
rem	D18	9	2.108	2.108	0.000	0.001	1.0000
rem	D18	4	2.108	2.108	-0.000	-0.003	1.0000
cosh	D18	9	10192.334	10188.226	-4.107	-0.040	0.9996
acos	D18	17	17844.661	17836.544	-8.117	-0.045	0.9995
tan	D38	19	12232.241	12224.899	-7.342	-0.060	0.9994
neg	D57	28	1.873	1.872	-0.001	-0.079	0.9992
sinh	D38	28	14563.959	14547.590	-16.368	-0.112	0.9989
sinh	D18	13	11058.880	11041.149	-17.732	-0.160	0.9984
div	D38	28	810.025	808.617	-1.408	-0.174	0.9983
neg	D57	42	1.873	1.869	-0.003	-0.177	0.9982
neg	D57	14	1.872	1.869	-0.003	-0.181	0.9982
asinh	D18	17	17188.004	17153.837	-34.167	-0.199	0.9980
cosh	D18	13	11055.322	11033.291	-22.031	-0.199	0.9980
cosh	D38	28	14555.771	14526.440	-29.331	-0.202	0.9980
mul	D18	0	1.054	1.052	-0.002	-0.209	0.9979
sub	D307	306	25.218	25.162	-0.055	-0.219	0.9978
sinh	D38	9	10199.396	10176.597	-22.799	-0.224	0.9978
sinh	D38	37	16585.293	16547.855	-37.438	-0.226	0.9977
powf	D18	9	7501.676	7482.824	-18.853	-0.251	0.9975
cosh	D38	37	16585.936	16542.053	-43.883	-0.265	0.9974
add	D115	114	3.339	3.330	-0.009	-0.273	0.9973
atanh	D18	17	6237.332	6217.550	-19.782	-0.317	0.9968
exp	D18	9	6805.212	6782.271	-22.941	-0.337	0.9966
powf	D38	19	8252.314	8222.211	-30.103	-0.365	0.9964
cosh	D18	17	6361.706	6336.712	-24.994	-0.393	0.9961
to_degrees	D38	37	5875.692	5850.258	-25.434	-0.433	0.9957
acosh	D18	17	18832.784	18749.331	-83.454	-0.443	0.9956
powf	D18	13	8052.510	8016.628	-35.882	-0.446	0.9955
sinh	D18	17	6369.227	6339.250	-29.976	-0.471	0.9953
exp	D18	13	7354.348	7319.468	-34.880	-0.474	0.9953
ln	D38	28	402.603	400.641	-1.962	-0.487	0.9951
to_degrees	D38	28	5111.368	5085.439	-25.929	-0.507	0.9949
exp	D38	9	6808.980	6774.154	-34.826	-0.511	0.9949
exp	D38	28	9547.623	9498.483	-49.140	-0.515	0.9949
powf	D38	28	10276.547	10220.385	-56.162	-0.547	0.9945
powf	D38	37	11556.522	11489.428	-67.093	-0.581	0.9942
to_degrees	D18	13	3821.766	3797.956	-23.810	-0.623	0.9938
sub	D76	0	3.484	3.462	-0.022	-0.645	0.9936
exp	D38	37	10808.152	10736.384	-71.768	-0.664	0.9934
to_degrees	D38	19	4035.304	4006.207	-29.096	-0.721	0.9928
to_degrees	D18	9	3493.811	3466.988	-26.823	-0.768	0.9923
tan	D38	37	17870.715	17725.871	-144.844	-0.811	0.9919
to_degrees	D38	9	3493.669	3464.696	-28.973	-0.829	0.9917
powf	D38	9	7511.864	7449.334	-62.530	-0.832	0.9917
sub	D76	19	3.480	3.450	-0.030	-0.862	0.9914
sub	D76	57	3.486	3.455	-0.032	-0.908	0.9909
tan	D18	9	10849.970	10749.883	-100.087	-0.922	0.9908
powf	D18	17	5292.134	5243.135	-49.000	-0.926	0.9907
tan	D38	28	15710.165	15562.286	-147.879	-0.941	0.9906
sub	D76	75	3.487	3.454	-0.034	-0.961	0.9904
exp	D18	17	4674.770	4629.499	-45.271	-0.968	0.9903
tan	D18	13	11758.605	11643.968	-114.637	-0.975	0.9903
tan	D38	9	10853.197	10744.808	-108.389	-0.999	0.9900
sin	D38	19	6657.602	6570.969	-86.634	-1.301	0.9870
powf	D1232	308	652387.151	643877.051	-8510.100	-1.304	0.9870
powf	D462	0	627.890	618.393	-9.498	-1.513	0.9849
log	D18	17	8958.833	8822.153	-136.679	-1.526	0.9847
tan	D18	17	7202.755	7091.417	-111.338	-1.546	0.9845
cos	D38	19	6867.927	6751.723	-116.203	-1.692	0.9831
to_degrees	D18	17	1772.521	1736.412	-36.109	-2.037	0.9796
sin	D38	37	9834.874	9633.109	-201.765	-2.052	0.9795
sin	D38	28	8570.759	8385.869	-184.890	-2.157	0.9784
cos	D38	37	9918.044	9701.713	-216.330	-2.181	0.9782
ln	D18	17	365.347	356.777	-8.570	-2.346	0.9765
sqrt	D18	17	35.095	34.262	-0.832	-2.372	0.9763
cos	D38	28	8805.387	8595.373	-210.014	-2.385	0.9761
sin	D18	13	6483.956	6327.706	-156.250	-2.410	0.9759
sin	D18	9	5910.465	5760.502	-149.962	-2.537	0.9746
asinh	D18	0	3.610	3.516	-0.093	-2.588	0.9741
sin	D38	9	5913.294	5759.562	-153.733	-2.600	0.9740
cos	D18	13	6584.787	6405.063	-179.724	-2.729	0.9727
cos	D38	9	6132.649	5959.149	-173.499	-2.829	0.9717
add	D462	0	41.149	39.983	-1.165	-2.832	0.9717
sub	D76	38	3.180	3.089	-0.091	-2.877	0.9712
cos	D18	9	6140.808	5960.205	-180.603	-2.941	0.9706
sin	D18	17	3919.643	3802.556	-117.087	-2.987	0.9701
neg	D924	0	65.249	63.218	-2.030	-3.112	0.9689
sub	D57	0	2.582	2.499	-0.083	-3.214	0.9679
sub	D230	229	18.238	17.652	-0.586	-3.216	0.9678
sub	D57	56	2.582	2.498	-0.084	-3.236	0.9676
sub	D230	172	18.259	17.637	-0.623	-3.409	0.9659
neg	D153	76	4.441	4.289	-0.152	-3.417	0.9658
to_radians	D115	0	601.938	580.266	-21.672	-3.600	0.9640
sub	D230	57	16.726	16.087	-0.639	-3.823	0.9618
sqrt	D18	9	20.749	19.945	-0.803	-3.871	0.9613
sub	D230	115	16.762	16.108	-0.654	-3.904	0.9610
sub	D230	0	16.801	16.122	-0.679	-4.040	0.9596
cos	D18	17	4010.308	3845.929	-164.379	-4.099	0.9590
sinh	D18	0	3.674	3.516	-0.158	-4.306	0.9569
mul	D307	153	479.956	458.550	-21.406	-4.460	0.9554
exp	D1232	0	441.758	422.024	-19.735	-4.467	0.9553
to_radians	D462	0	1511.477	1441.939	-69.538	-4.601	0.9540
asinh	D462	0	72.858	69.435	-3.424	-4.699	0.9530
sqrt	D18	13	32.167	30.373	-1.794	-5.578	0.9442
add	D616	308	63.915	60.248	-3.668	-5.738	0.9426
sqrt	D18	0	7.404	6.958	-0.445	-6.014	0.9399
mul	D616	154	686.880	642.552	-44.329	-6.454	0.9355
sub	D115	57	5.973	5.584	-0.389	-6.509	0.9349
sub	D115	86	5.948	5.554	-0.394	-6.624	0.9338
sub	D462	231	28.482	26.510	-1.972	-6.925	0.9308
add	D924	462	99.815	92.629	-7.186	-7.199	0.9280
acos	D18	4	25080.314	23262.305	-1818.009	-7.249	0.9275
asinh	D18	4	24811.218	22984.353	-1826.866	-7.363	0.9264
add	D1232	616	116.419	107.097	-9.322	-8.007	0.9199
neg	D153	0	4.598	4.221	-0.377	-8.190	0.9181
add	D924	923	81.318	74.653	-6.665	-8.196	0.9180
powf	D924	231	384340.827	351926.521	-32414.306	-8.434	0.9157
mul	D115	114	233.926	213.744	-20.182	-8.627	0.9137
mul	D230	172	628.899	573.288	-55.611	-8.843	0.9116
asinh	D307	0	49.210	44.770	-4.440	-9.023	0.9098
neg	D57	56	1.923	1.738	-0.185	-9.611	0.9039
mul	D153	152	438.426	396.279	-42.148	-9.613	0.9039
neg	D57	0	1.924	1.737	-0.187	-9.730	0.9027
mul	D115	86	237.832	214.211	-23.621	-9.932	0.9007
neg	D115	57	3.525	3.168	-0.357	-10.130	0.8987
mul	D1232	308	2102.923	1888.421	-214.502	-10.200	0.8980
sub	D57	14	2.516	2.257	-0.260	-10.320	0.8968
sub	D57	28	2.512	2.251	-0.261	-10.388	0.8961
acosh	D18	4	34706.109	31054.344	-3651.765	-10.522	0.8948
sub	D57	42	2.513	2.248	-0.265	-10.544	0.8946
mul	D230	115	377.273	336.976	-40.297	-10.681	0.8932
exp	D462	0	143.593	128.234	-15.358	-10.696	0.8930
acosh	D38	0	28927.901	25738.032	-3189.869	-11.027	0.8897
sub	D115	114	4.527	4.027	-0.500	-11.054	0.8895
asinh	D462	461	378010.142	335957.956	-42052.185	-11.125	0.8888
add	D1232	308	102.379	90.725	-11.654	-11.383	0.8862
neg	D115	28	3.234	2.860	-0.373	-11.543	0.8846
sub	D115	28	5.478	4.839	-0.639	-11.660	0.8834
neg	D115	0	3.238	2.859	-0.379	-11.712	0.8829
acosh	D18	0	31021.629	27380.907	-3640.722	-11.736	0.8826
sub	D115	0	5.474	4.831	-0.643	-11.746	0.8825
mul	D616	308	2103.962	1856.179	-247.782	-11.777	0.8822
exp	D1232	1231	3222072.688	2836367.611	-385705.076	-11.971	0.8803
powf	D307	0	418.186	366.911	-51.274	-12.261	0.8774
sub	D462	461	49.493	43.367	-6.126	-12.378	0.8762
add	D1232	1231	121.959	106.746	-15.212	-12.473	0.8753
rem	D616	0	119.572	104.066	-15.506	-12.968	0.8703
add	D38	0	1.867	1.623	-0.244	-13.050	0.8695
add	D1232	0	110.530	96.097	-14.433	-13.058	0.8694
exp	D307	0	97.129	84.312	-12.817	-13.195	0.8680
add	D38	19	1.867	1.620	-0.247	-13.208	0.8679
sub	D38	0	1.867	1.618	-0.249	-13.311	0.8669
to_radians	D38	19	215.289	186.625	-28.664	-13.314	0.8669
add	D38	37	2.109	1.825	-0.283	-13.427	0.8657
add	D924	231	83.439	72.113	-11.326	-13.574	0.8643
add	D1232	924	110.183	95.193	-14.990	-13.605	0.8640
neg	D76	19	2.511	2.168	-0.343	-13.661	0.8634
sub	D462	115	43.308	37.380	-5.928	-13.688	0.8631
sub	D38	37	2.108	1.818	-0.290	-13.778	0.8622
neg	D76	57	2.518	2.170	-0.348	-13.812	0.8619
add	D38	28	2.108	1.817	-0.292	-13.846	0.8615
add	D924	0	98.379	84.727	-13.653	-13.878	0.8612
add	D38	9	2.109	1.815	-0.293	-13.911	0.8609
neg	D153	38	4.440	3.822	-0.618	-13.924	0.8608
powf	D115	0	158.566	136.414	-22.152	-13.970	0.8603
sub	D38	9	2.109	1.814	-0.295	-13.981	0.8602
neg	D76	0	2.518	2.166	-0.352	-13.986	0.8601
sub	D38	28	2.108	1.809	-0.299	-14.202	0.8580
sub	D38	19	1.867	1.599	-0.268	-14.355	0.8564
mul	D462	115	488.123	416.363	-71.760	-14.701	0.8530
mul	D307	76	198.025	168.600	-29.425	-14.859	0.8514
to_radians	D38	37	241.935	205.883	-36.053	-14.902	0.8510
to_radians	D18	13	242.502	205.294	-37.208	-15.343	0.8466
neg	D76	38	2.493	2.099	-0.394	-15.792	0.8421
to_radians	D1232	0	4022.438	3383.376	-639.062	-15.887	0.8411
mul	D153	114	307.151	258.184	-48.967	-15.942	0.8406
add	D616	462	54.169	45.486	-8.683	-16.029	0.8397
add	D616	615	54.070	45.363	-8.707	-16.104	0.8390
to_radians	D18	9	240.886	201.423	-39.463	-16.383	0.8362
sqrt	D924	231	10654.179	8907.919	-1746.260	-16.390	0.8361
hypot	D18	4	47.545	39.741	-7.804	-16.413	0.8359
to_radians	D38	9	240.894	201.251	-39.642	-16.456	0.8354
powf	D230	0	340.957	284.132	-56.825	-16.666	0.8333
to_radians	D38	28	243.190	202.539	-40.650	-16.715	0.8328
asin	D462	461	477949.931	395573.908	-82376.022	-17.235	0.8276
add	D616	154	54.466	44.964	-9.502	-17.446	0.8255
acos	D462	461	479261.463	395127.068	-84134.395	-17.555	0.8244
exp	D462	461	296607.985	243232.346	-53375.639	-17.995	0.8200
sinh	D18	4	9679.250	7934.219	-1745.031	-18.029	0.8197
cosh	D18	4	9672.679	7915.857	-1756.821	-18.163	0.8184
sub	D462	346	49.458	40.412	-9.045	-18.289	0.8171
to_radians	D115	57	1078.574	881.021	-197.553	-18.316	0.8168
neg	D307	230	15.344	12.506	-2.838	-18.499	0.8150
add	D924	693	104.768	85.161	-19.607	-18.715	0.8129
to_radians	D115	86	1243.974	1010.507	-233.467	-18.768	0.8123
atanh	D18	4	9622.030	7806.897	-1815.133	-18.864	0.8114
neg	D307	76	13.683	11.072	-2.610	-19.078	0.8092
tanh	D18	17	8023.158	6487.896	-1535.262	-19.135	0.8086
neg	D307	0	13.493	10.909	-2.584	-19.154	0.8085
to_radians	D18	17	216.251	174.461	-41.790	-19.325	0.8068
asinh	D616	615	771515.328	621702.871	-149812.457	-19.418	0.8058
asinh	D1232	0	175.720	141.412	-34.308	-19.524	0.8048
powf	D153	0	237.976	191.241	-46.735	-19.639	0.8036
asinh	D924	923	1830553.000	1469133.917	-361419.083	-19.744	0.8026
add	D616	0	64.155	51.278	-12.877	-20.072	0.7993
neg	D307	153	13.867	11.068	-2.799	-20.186	0.7981
neg	D307	306	15.693	12.513	-3.180	-20.262	0.7974
to_radians	D115	114	1138.062	897.074	-240.988	-21.175	0.7882
to_radians	D616	0	2425.403	1906.206	-519.197	-21.407	0.7859
to_radians	D230	0	1116.900	876.844	-240.056	-21.493	0.7851
powf	D616	154	226068.278	176760.829	-49307.449	-21.811	0.7819
sqrt	D153	152	3398.774	2654.462	-744.313	-21.899	0.7810
asinh	D1232	1231	3991308.643	3112788.556	-878520.087	-22.011	0.7799
hypot	D18	9	55.212	42.907	-12.304	-22.286	0.7771
mul	D230	57	158.388	121.575	-36.813	-23.242	0.7676
asinh	D307	306	226871.656	173973.429	-52898.228	-23.316	0.7668
asinh	D462	231	90455.944	69344.977	-21110.967	-23.338	0.7666
powf	D616	308	461025.288	352814.101	-108211.187	-23.472	0.7653
tanh	D18	9	13525.301	10340.272	-3185.029	-23.549	0.7645
rem	D924	462	166.613	127.172	-39.441	-23.672	0.7633
tanh	D38	9	13527.509	10320.835	-3206.674	-23.705	0.7630
tanh	D18	13	14719.755	11219.647	-3500.108	-23.778	0.7622
asinh	D924	231	262068.474	198770.795	-63297.679	-24.153	0.7585
to_radians	D115	28	897.477	678.522	-218.955	-24.397	0.7560
to_radians	D153	38	947.444	715.562	-231.882	-24.475	0.7553
asin	D230	229	174165.293	130844.648	-43320.645	-24.873	0.7513
mul	D924	462	4237.895	3181.361	-1056.534	-24.931	0.7507
acos	D230	229	173906.360	130492.408	-43413.952	-24.964	0.7504
sqrt	D307	230	6504.995	4879.091	-1625.904	-24.995	0.7501
tanh	D38	19	15414.746	11547.412	-3867.334	-25.089	0.7491
atan	D462	461	450351.269	337134.784	-113216.485	-25.140	0.7486
asinh	D307	230	161116.322	120419.953	-40696.369	-25.259	0.7474
to_radians	D76	57	735.667	549.314	-186.353	-25.331	0.7467
to_radians	D153	76	1147.341	855.550	-291.791	-25.432	0.7457
tanh	D38	28	19536.857	14566.763	-4970.094	-25.440	0.7456
to_radians	D307	76	2211.285	1643.302	-567.983	-25.686	0.7431
asinh	D230	229	136749.940	101599.175	-35150.765	-25.704	0.7430
mul	D307	306	1955.737	1453.008	-502.729	-25.705	0.7429
tanh	D38	37	22306.827	16553.712	-5753.115	-25.791	0.7421
to_radians	D76	75	803.952	596.503	-207.448	-25.804	0.7420
asinh	D616	462	546519.838	405167.266	-141352.572	-25.864	0.7414
exp	D230	229	111902.362	82160.620	-29741.742	-26.578	0.7342
exp	D462	346	222122.082	162998.870	-59123.212	-26.617	0.7338
to_radians	D153	152	1721.936	1262.511	-459.425	-26.681	0.7332
mul	D115	57	122.565	89.818	-32.747	-26.718	0.7328
mul	D307	230	1501.483	1096.992	-404.491	-26.939	0.7306
exp	D18	4	6571.145	4793.061	-1778.084	-27.059	0.7294
to_radians	D57	0	424.258	309.274	-114.984	-27.102	0.7290
atan	D230	229	165447.329	120503.919	-44943.410	-27.165	0.7284
mul	D115	28	65.399	47.480	-17.920	-27.400	0.7260
powf	D1232	0	1915.137	1390.359	-524.777	-27.402	0.7260
sqrt	D616	154	7898.161	5723.034	-2175.126	-27.540	0.7246
atanh	D1232	1231	7949611.875	5759876.200	-2189735.675	-27.545	0.7245
cbrt	D115	114	6098.294	4412.849	-1685.445	-27.638	0.7236
rem	D462	0	111.903	80.967	-30.937	-27.646	0.7235
asinh	D462	346	286477.902	207267.238	-79210.664	-27.650	0.7235
asinh	D115	114	43215.763	31235.666	-11980.097	-27.722	0.7228
to_radians	D153	114	1436.125	1033.342	-402.782	-28.046	0.7195
sqrt	D307	306	10174.387	7312.699	-2861.688	-28.126	0.7187
cos	D462	461	320934.544	230355.587	-90578.957	-28.223	0.7178
neg	D1232	308	83.596	59.971	-23.624	-28.260	0.7174
log	D18	4	12877.419	9230.115	-3647.304	-28.323	0.7168
tan	D462	461	350531.186	251160.852	-99370.334	-28.349	0.7165
mul	D1232	616	7006.576	5016.875	-1989.701	-28.398	0.7160
to_radians	D76	0	431.095	307.634	-123.462	-28.639	0.7136
sqrt	D1232	308	18191.730	12961.634	-5230.096	-28.750	0.7125
acos	D462	346	351658.123	250529.335	-101128.788	-28.758	0.7124
sqrt	D616	308	15656.619	11143.280	-4513.339	-28.827	0.7117
asin	D462	346	350746.188	249465.282	-101280.906	-28.876	0.7112
sin	D462	461	320663.426	227781.944	-92881.482	-28.965	0.7103
log	D38	0	10903.365	7732.514	-3170.851	-29.081	0.7092
asinh	D924	462	752528.586	532150.640	-220377.946	-29.285	0.7072
to_radians	D57	56	748.808	529.108	-219.700	-29.340	0.7066
hypot	D38	19	94.853	66.991	-27.863	-29.374	0.7063
to_radians	D462	231	2164.422	1527.804	-636.617	-29.413	0.7059
sqrt	D230	172	4863.927	3432.500	-1431.427	-29.429	0.7057
asinh	D616	308	350219.476	247132.125	-103087.351	-29.435	0.7056
mul	D616	615	5485.242	3869.982	-1615.259	-29.447	0.7055
sqrt	D230	229	5930.378	4183.908	-1746.470	-29.450	0.7055
to_radians	D230	57	1665.024	1172.905	-492.118	-29.556	0.7044
mul	D462	461	3727.859	2625.674	-1102.185	-29.566	0.7043
to_radians	D307	230	3935.499	2770.193	-1165.306	-29.610	0.7039
powf	D1232	924	2989977.833	2103637.667	-886340.167	-29.644	0.7036
asinh	D924	693	1340895.026	940766.703	-400128.324	-29.840	0.7016
neg	D1232	1231	99.883	69.802	-30.080	-30.116	0.6988
asinh	D153	114	53278.802	37215.364	-16063.437	-30.150	0.6985
asinh	D1232	924	2315930.409	1615942.156	-699988.253	-30.225	0.6978
mul	D153	76	160.882	112.139	-48.743	-30.297	0.6970
sqrt	D462	231	5234.059	3646.394	-1587.664	-30.333	0.6967
to_radians	D462	115	2602.786	1807.154	-795.632	-30.568	0.6943
to_radians	D924	0	3721.584	2582.468	-1139.116	-30.608	0.6939
neg	D1232	616	100.695	69.841	-30.854	-30.641	0.6936
to_radians	D76	19	596.014	412.853	-183.162	-30.731	0.6927
log	D18	0	11787.325	8162.015	-3625.309	-30.756	0.6924
sqrt	D307	153	5247.566	3621.315	-1626.251	-30.991	0.6901
powf	D924	923	2352923.227	1617599.375	-735323.852	-31.252	0.6875
mul	D1232	924	11801.952	8084.050	-3717.902	-31.502	0.6850
atanh	D924	923	3666177.500	2504414.750	-1161762.750	-31.689	0.6831
hypot	D38	0	23.448	16.004	-7.444	-31.745	0.6825
sub	D616	308	87.944	59.837	-28.107	-31.960	0.6804
sqrt	D616	615	30420.993	20641.236	-9779.757	-32.148	0.6785
rem	D1232	616	192.127	130.232	-61.895	-32.216	0.6778
sub	D924	462	132.322	89.572	-42.750	-32.307	0.6769
acos	D616	615	970279.528	654817.411	-315462.117	-32.512	0.6749
asin	D616	615	969595.608	653852.553	-315743.055	-32.564	0.6744
sqrt	D115	114	2098.223	1414.931	-683.292	-32.565	0.6743
asin	D153	152	94639.585	63799.767	-30839.817	-32.587	0.6741
exp	D307	306	181159.022	122118.686	-59040.336	-32.590	0.6741
hypot	D38	9	63.652	42.906	-20.746	-32.594	0.6741
atan	D616	615	918752.413	618964.018	-299788.396	-32.630	0.6737
to_radians	D307	153	2914.917	1963.413	-951.504	-32.643	0.6736
mul	D924	693	8099.405	5441.941	-2657.464	-32.811	0.6719
exp	D616	615	607627.259	407928.496	-199698.763	-32.865	0.6713
to_radians	D462	346	5669.783	3805.838	-1863.945	-32.875	0.6712
to_radians	D307	306	4971.071	3329.780	-1641.291	-33.017	0.6698
acos	D153	152	96482.364	64409.442	-32072.922	-33.242	0.6676
cbrt	D462	231	23029.151	15364.408	-7664.743	-33.283	0.6672
tan	D230	229	121571.805	81060.607	-40511.198	-33.323	0.6668
mul	D76	75	160.838	107.038	-53.800	-33.450	0.6655
cbrt	D462	461	78058.096	51808.569	-26249.527	-33.628	0.6637
cbrt	D616	462	88439.383	58521.393	-29917.990	-33.829	0.6617
asinh	D616	154	161052.069	106493.094	-54558.975	-33.877	0.6612
asinh	D1232	616	1393701.028	921326.647	-472374.381	-33.894	0.6611
neg	D1232	924	93.149	61.499	-31.650	-33.978	0.6602
atan	D462	346	330706.987	218216.686	-112490.301	-34.015	0.6598
cbrt	D616	615	117062.593	77218.638	-39843.955	-34.036	0.6596
cbrt	D153	152	10724.222	7067.933	-3656.289	-34.094	0.6591
asin	D307	306	284989.641	187712.856	-97276.785	-34.133	0.6587
sin	D230	229	107820.392	71012.949	-36807.443	-34.138	0.6586
asinh	D153	152	72727.265	47848.131	-24879.134	-34.209	0.6579
sqrt	D924	462	26072.116	17137.194	-8934.923	-34.270	0.6573
cbrt	D462	346	54396.620	35693.454	-18703.167	-34.383	0.6562
to_radians	D76	38	637.456	418.257	-219.200	-34.387	0.6561
to_radians	D57	14	600.671	394.094	-206.578	-34.391	0.6561
atan	D153	152	89464.497	58599.771	-30864.725	-34.499	0.6550
sub	D924	231	110.762	72.487	-38.276	-34.557	0.6544
atan	D307	306	269377.426	176252.113	-93125.313	-34.571	0.6543
to_radians	D57	42	650.088	424.909	-225.179	-34.638	0.6536
acos	D307	306	287796.557	187881.186	-99915.371	-34.717	0.6528
mul	D616	0	158.676	103.509	-55.167	-34.767	0.6523
cbrt	D1232	924	347625.255	226508.067	-121117.188	-34.841	0.6516
cbrt	D1232	1231	530120.484	344913.486	-185206.998	-34.937	0.6506
cbrt	D924	923	277363.461	180173.060	-97190.401	-35.041	0.6496
to_radians	D57	28	626.430	406.920	-219.510	-35.041	0.6496
mul	D462	346	2857.066	1853.795	-1003.270	-35.115	0.6488
sqrt	D1232	616	43839.888	28414.129	-15425.759	-35.187	0.6481
cbrt	D1232	616	232005.321	150230.379	-81774.942	-35.247	0.6475
cos	D230	229	111690.490	72259.775	-39430.715	-35.304	0.6470
sub	D924	0	131.151	84.800	-46.351	-35.342	0.6466
tan	D462	346	238417.975	154069.306	-84348.669	-35.378	0.6462
cbrt	D616	308	63243.593	40794.348	-22449.246	-35.496	0.6450
sqrt	D462	346	15256.129	9822.325	-5433.803	-35.617	0.6438
cbrt	D924	693	206841.454	133157.468	-73683.986	-35.623	0.6438
atanh	D462	461	770300.480	495695.320	-274605.159	-35.649	0.6435
sub	D153	0	13.117	8.434	-4.684	-35.707	0.6429
powf	D76	0	121.843	78.310	-43.533	-35.729	0.6427
powf	D462	231	122050.681	78430.468	-43620.213	-35.739	0.6426
acos	D1232	1231	5414953.600	3478477.812	-1936475.787	-35.762	0.6424
asin	D1232	1231	5412222.500	3475724.438	-1936498.062	-35.780	0.6422
mul	D924	923	11714.114	7513.517	-4200.597	-35.859	0.6414
asinh	D230	172	105050.078	67318.226	-37731.853	-35.918	0.6408
cbrt	D230	229	23003.869	14731.713	-8272.156	-35.960	0.6404
mul	D1232	1231	22073.716	14116.738	-7956.978	-36.047	0.6395
asinh	D1232	308	480567.547	306912.732	-173654.814	-36.135	0.6386
sub	D153	76	11.955	7.634	-4.320	-36.140	0.6386
sub	D153	38	11.981	7.649	-4.332	-36.155	0.6384
cbrt	D230	172	16770.168	10692.833	-6077.336	-36.239	0.6376
atan	D1232	1231	5239159.700	3339939.500	-1899220.200	-36.250	0.6375
asin	D115	114	61038.198	38893.522	-22144.676	-36.280	0.6372
sin	D462	346	216896.266	138145.762	-78750.503	-36.308	0.6369
cbrt	D924	462	140862.589	89705.423	-51157.166	-36.317	0.6368
cbrt	D307	306	35614.094	22668.695	-12945.399	-36.349	0.6365
to_degrees	D18	4	5053.987	3214.385	-1839.602	-36.399	0.6360
mul	D924	231	1984.244	1261.965	-722.279	-36.401	0.6360
mul	D616	462	4258.821	2707.619	-1551.202	-36.423	0.6358
sqrt	D307	76	3676.061	2332.167	-1343.894	-36.558	0.6344
exp	D153	152	58595.929	37148.333	-21447.597	-36.603	0.6340
acos	D924	923	2418613.682	1532171.206	-886442.476	-36.651	0.6335
acos	D115	114	60833.449	38492.522	-22340.926	-36.725	0.6328
cos	D616	615	678493.275	429307.721	-249185.554	-36.726	0.6327
sqrt	D616	462	22504.943	14239.397	-8265.546	-36.728	0.6327
asin	D924	923	2418162.909	1527249.412	-890913.497	-36.843	0.6316
tan	D616	615	727862.710	459698.564	-268164.145	-36.843	0.6316
sin	D616	615	676262.467	425149.992	-251112.474	-37.132	0.6287
cbrt	D153	114	9291.709	5829.137	-3462.572	-37.265	0.6273
cbrt	D230	115	13021.781	8164.203	-4857.578	-37.303	0.6270
ln	D115	57	1021.558	639.185	-382.374	-37.430	0.6257
sub	D153	114	13.553	8.479	-5.074	-37.437	0.6256
tan	D307	306	200530.929	125275.346	-75255.583	-37.528	0.6247
acos	D307	230	207206.189	129390.776	-77815.413	-37.555	0.6245
cbrt	D307	230	28258.350	17641.411	-10616.938	-37.571	0.6243
mul	D1232	0	288.525	179.980	-108.544	-37.621	0.6238
atan	D462	231	104850.536	65376.226	-39474.310	-37.648	0.6235
tanh	D18	4	12732.046	7929.724	-4802.322	-37.718	0.6228
acos	D462	231	123412.806	76857.914	-46554.892	-37.723	0.6228
to_radians	D230	115	2056.291	1278.773	-777.518	-37.812	0.6219
sub	D153	152	13.557	8.428	-5.129	-37.832	0.6217
cos	D307	306	184994.652	114969.358	-70025.295	-37.853	0.6215
exp	D307	230	135268.135	83947.229	-51320.906	-37.940	0.6206
mul	D57	42	115.209	71.485	-43.724	-37.952	0.6205
asin	D307	230	208432.129	129234.977	-79197.152	-37.997	0.6200
cos	D462	346	225110.816	139412.933	-85697.884	-38.069	0.6193
asin	D616	462	681366.491	421903.703	-259462.788	-38.080	0.6192
atan	D307	230	193378.005	119692.963	-73685.043	-38.104	0.6190
acos	D616	462	682910.510	422360.333	-260550.177	-38.153	0.6185
atan	D924	923	2320235.591	1434176.139	-886059.452	-38.188	0.6181
asinh	D115	0	21.734	13.392	-8.343	-38.384	0.6162
atan	D115	114	56365.835	34729.168	-21636.667	-38.386	0.6161
atan	D616	462	640380.213	393851.452	-246528.761	-38.497	0.6150
powf	D57	0	104.013	63.970	-40.043	-38.498	0.6150
asin	D462	231	123133.620	75663.429	-47470.191	-38.552	0.6145
asin	D76	0	8374.880	5145.365	-3229.515	-38.562	0.6144
sin	D307	306	184279.120	113070.107	-71209.014	-38.642	0.6136
atanh	D616	615	1550527.206	950820.219	-599706.987	-38.678	0.6132
acos	D76	0	8454.370	5183.602	-3270.768	-38.687	0.6131
cbrt	D115	28	3770.555	2309.353	-1461.202	-38.753	0.6125
powf	D462	346	360295.012	220431.998	-139863.014	-38.819	0.6118
rem	D924	0	198.734	121.422	-77.312	-38.902	0.6110
mul	D153	38	86.388	52.718	-33.671	-38.976	0.6102
asin	D153	114	74469.334	45307.170	-29162.164	-39.160	0.6084
mul	D462	0	136.512	83.009	-53.503	-39.193	0.6081
cos	D153	152	52286.558	31731.134	-20555.424	-39.313	0.6069
atan	D38	0	8902.620	5394.942	-3507.678	-39.401	0.6060
mul	D76	57	140.907	85.367	-55.541	-39.417	0.6058
sqrt	D153	114	3135.578	1899.427	-1236.152	-39.423	0.6058
cbrt	D115	86	5936.824	3592.801	-2344.023	-39.483	0.6052
sqrt	D924	693	44245.114	26764.584	-17480.529	-39.508	0.6049
cbrt	D307	153	18598.028	11246.468	-7351.561	-39.529	0.6047
mul	D462	231	1167.421	705.782	-461.639	-39.543	0.6046
sub	D924	923	125.179	75.617	-49.561	-39.592	0.6041
rem	D307	0	68.457	41.281	-27.176	-39.698	0.6030
exp	D924	923	1489160.824	897933.527	-591227.297	-39.702	0.6030
sub	D1232	308	150.952	90.811	-60.141	-39.841	0.6016
exp	D616	462	440778.928	264932.487	-175846.441	-39.894	0.6011
asinh	D462	115	91296.152	54865.851	-36430.301	-39.903	0.6010
tan	D18	4	13746.807	8248.878	-5497.929	-39.994	0.6001
mul	D57	28	54.882	32.905	-21.977	-40.044	0.5996
exp	D230	0	85.924	51.407	-34.517	-40.171	0.5983
powf	D18	4	8882.106	5310.228	-3571.878	-40.214	0.5979
tan	D153	152	60750.476	36290.670	-24459.806	-40.263	0.5974
atan	D76	0	7174.567	4275.546	-2899.021	-40.407	0.5959
mul	D307	0	74.774	44.398	-30.376	-40.624	0.5938
asinh	D924	0	193.151	114.237	-78.914	-40.856	0.5914
sin	D153	152	52765.065	31204.377	-21560.688	-40.862	0.5914
to_radians	D1232	1231	54110.559	31987.196	-22123.363	-40.885	0.5911
tan	D1232	1231	4357325.917	2571593.450	-1785732.467	-40.982	0.5902
asinh	D153	0	26.960	15.906	-11.054	-41.000	0.5900
neg	D616	0	39.053	23.010	-16.044	-41.081	0.5892
sqrt	D115	86	2576.959	1516.293	-1060.666	-41.160	0.5884
powf	D1232	1231	5062540.700	2976709.222	-2085831.478	-41.201	0.5880
mul	D76	19	64.908	38.084	-26.824	-41.326	0.5867
asinh	D115	57	35864.107	21017.021	-14847.086	-41.398	0.5860
acos	D153	114	74652.832	43744.092	-30908.740	-41.403	0.5860
powf	D462	461	479744.750	281107.560	-198637.190	-41.405	0.5860
sqrt	D462	461	19737.248	11561.248	-8176.000	-41.424	0.5858
asinh	D230	0	47.684	27.912	-19.772	-41.464	0.5854
sqrt	D462	115	6262.214	3660.170	-2602.044	-41.551	0.5845
mul	D57	56	132.659	77.417	-55.242	-41.642	0.5836
tan	D616	462	480845.432	280347.940	-200497.492	-41.697	0.5830
sqrt	D924	923	59781.151	34826.255	-24954.896	-41.744	0.5826
sin	D1232	1231	4162722.333	2424180.500	-1738541.833	-41.765	0.5824
sqrt	D1232	924	67529.363	39307.883	-28221.481	-41.791	0.5821
cos	D1232	1231	4195933.333	2440017.909	-1755915.424	-41.848	0.5815
mul	D76	38	73.252	42.191	-31.061	-42.403	0.5760
tan	D924	923	1908688.571	1098779.609	-809908.963	-42.433	0.5757
hypot	D18	13	70.065	40.314	-29.751	-42.461	0.5754
sqrt	D153	76	2766.679	1591.251	-1175.427	-42.485	0.5751
sub	D924	693	147.890	84.959	-62.931	-42.553	0.5745
asinh	D115	86	46528.134	26721.146	-19806.988	-42.570	0.5743
atan	D153	114	68944.330	39576.727	-29367.603	-42.596	0.5740
sub	D616	615	80.546	46.098	-34.448	-42.768	0.5723
atanh	D1232	924	4651549.167	2662077.250	-1989471.917	-42.770	0.5723
sin	D616	462	441836.654	252791.351	-189045.303	-42.786	0.5721
cos	D616	462	446795.671	255433.504	-191362.167	-42.830	0.5717
sin	D924	923	1806854.679	1031509.680	-775344.999	-42.911	0.5709
sqrt	D230	115	4269.016	2436.867	-1832.150	-42.917	0.5708
acos	D76	75	38616.392	22043.044	-16573.348	-42.918	0.5708
asin	D76	75	38669.606	22035.295	-16634.310	-43.016	0.5698
cos	D924	923	1818216.321	1034847.354	-783368.967	-43.084	0.5692
sub	D616	462	81.030	45.899	-35.131	-43.355	0.5664
cos	D307	230	130232.405	73564.067	-56668.339	-43.513	0.5649
sub	D616	154	81.205	45.839	-35.367	-43.552	0.5645
sub	D1232	0	174.057	98.200	-75.857	-43.582	0.5642
asinh	D307	153	117622.257	66348.861	-51273.396	-43.592	0.5641
acos	D76	57	34494.402	19401.392	-15093.009	-43.755	0.5625
asin	D76	57	34460.165	19361.624	-15098.541	-43.814	0.5619
rem	D230	0	57.392	32.217	-25.175	-43.866	0.5613
rem	D1232	0	234.200	131.052	-103.148	-44.043	0.5596
asinh	D307	76	66659.762	37272.501	-29387.262	-44.085	0.5591
sub	D616	0	87.699	48.788	-38.911	-44.369	0.5563
exp	D462	231	81874.947	45477.302	-36397.645	-44.455	0.5554
sub	D1232	1231	191.077	106.046	-85.031	-44.501	0.5550
sub	D1232	616	191.573	106.272	-85.301	-44.527	0.5547
neg	D230	115	12.916	7.162	-5.754	-44.547	0.5545
powf	D924	0	1745.880	967.446	-778.433	-44.587	0.5541
tan	D307	230	143105.812	79232.852	-63872.961	-44.633	0.5537
mul	D924	0	287.744	159.148	-128.596	-44.691	0.5531
sqrt	D76	75	1899.233	1047.560	-851.673	-44.843	0.5516
acos	D57	0	9154.783	5045.539	-4109.244	-44.886	0.5511
asin	D57	0	9089.652	5009.544	-4080.108	-44.887	0.5511
sub	D1232	924	174.172	95.792	-78.380	-45.002	0.5500
atan	D76	75	35632.179	19512.022	-16120.156	-45.240	0.5476
exp	D115	114	36466.433	19925.716	-16540.718	-45.359	0.5464
asinh	D230	115	76718.521	41804.665	-34913.856	-45.509	0.5449
sqrt	D1232	1231	113984.986	62030.842	-51954.144	-45.580	0.5442
atan	D76	57	31514.595	17126.705	-14387.890	-45.655	0.5435
sin	D307	230	130957.696	71082.442	-59875.255	-45.721	0.5428
powf	D462	115	127516.117	69199.432	-58316.685	-45.733	0.5427
atanh	D924	693	2718497.250	1473587.278	-1244909.972	-45.794	0.5421
asin	D924	693	1729335.000	936963.768	-792371.232	-45.819	0.5418
atan	D57	0	7663.011	4147.153	-3515.858	-45.881	0.5412
hypot	D18	17	70.521	38.099	-32.421	-45.974	0.5403
cbrt	D153	38	4867.568	2626.258	-2241.310	-46.046	0.5395
acos	D57	56	35646.003	19214.947	-16431.056	-46.095	0.5390
exp	D924	693	1115347.283	600829.246	-514518.037	-46.131	0.5387
asin	D57	56	35579.828	19156.809	-16423.019	-46.158	0.5384
acos	D924	693	1730944.967	930505.681	-800439.286	-46.243	0.5376
atan	D924	693	1650333.531	885757.930	-764575.601	-46.329	0.5367
neg	D616	308	40.446	21.707	-18.739	-46.331	0.5367
acos	D230	172	138844.362	74386.384	-64457.978	-46.425	0.5358
asin	D230	172	139028.992	74420.891	-64608.101	-46.471	0.5353
atan	D230	172	127783.644	68397.029	-59386.615	-46.474	0.5353
tan	D115	114	36243.567	19377.671	-16865.896	-46.535	0.5347
cbrt	D18	17	6914.336	3672.327	-3242.009	-46.888	0.5311
asinh	D76	57	24423.187	12968.238	-11454.949	-46.902	0.5310
cbrt	D153	76	6710.419	3562.428	-3147.991	-46.912	0.5309
acosh	D1232	1231	5763493.100	3059316.889	-2704176.211	-46.919	0.5308
mul	D115	0	24.862	13.194	-11.668	-46.930	0.5307
asinh	D76	75	28619.883	15179.795	-13440.087	-46.961	0.5304
to_radians	D462	461	9077.816	4812.591	-4265.225	-46.985	0.5301
cbrt	D18	13	16412.010	8692.922	-7719.088	-47.033	0.5297
cbrt	D18	4	10931.616	5786.049	-5145.567	-47.071	0.5293
tan	D462	231	77152.970	40677.902	-36475.068	-47.276	0.5272
log	D616	0	54847.877	28909.989	-25937.888	-47.291	0.5271
acos	D115	86	64271.592	33797.092	-30474.499	-47.415	0.5258
to_radians	D230	229	4268.330	2242.721	-2025.609	-47.457	0.5254
log	D1232	0	103349.016	54277.805	-49071.211	-47.481	0.5252
neg	D616	462	38.584	20.229	-18.355	-47.572	0.5243
cbrt	D38	28	20856.638	10906.525	-9950.113	-47.707	0.5229
atanh	D307	306	463836.323	242466.731	-221369.592	-47.726	0.5227
neg	D616	615	38.607	20.147	-18.460	-47.814	0.5219
neg	D462	346	31.940	16.646	-15.294	-47.884	0.5212
asin	D115	86	63732.919	33206.864	-30526.055	-47.897	0.5210
cbrt	D38	37	20899.736	10889.245	-10010.490	-47.898	0.5210
powf	D616	615	1009481.620	525152.607	-484329.013	-47.978	0.5202
ln	D153	76	1152.985	599.231	-553.754	-48.028	0.5197
ln	D230	115	1867.382	970.096	-897.287	-48.051	0.5195
sin	D462	231	69875.105	36210.054	-33665.051	-48.179	0.5182
tan	D153	114	45700.455	23574.245	-22126.210	-48.416	0.5158
neg	D230	172	14.066	7.240	-6.826	-48.528	0.5147
neg	D616	154	38.545	19.832	-18.714	-48.549	0.5145
atanh	D462	346	576594.285	296311.839	-280282.445	-48.610	0.5139
atanh	D616	462	1096152.696	562709.789	-533442.907	-48.665	0.5133
to_degrees	D307	0	1633.092	838.186	-794.906	-48.675	0.5133
cos	D462	231	70774.235	36187.449	-34586.786	-48.869	0.5113
neg	D462	115	30.106	15.312	-14.794	-49.139	0.5086
exp	D230	172	90317.016	45920.913	-44396.103	-49.156	0.5084
acos	D38	37	31768.632	16122.768	-15645.864	-49.249	0.5075
asin	D38	37	31672.401	16071.255	-15601.146	-49.258	0.5074
asinh	D230	57	48977.797	24848.674	-24129.123	-49.265	0.5073
to_degrees	D153	0	773.714	392.369	-381.345	-49.288	0.5071
neg	D462	0	29.710	15.055	-14.655	-49.328	0.5067
neg	D1232	0	92.948	47.090	-45.858	-49.337	0.5066
mul	D57	14	41.179	20.850	-20.329	-49.366	0.5063
log	D924	0	83805.508	42431.273	-41374.235	-49.369	0.5063
neg	D230	229	14.304	7.242	-7.062	-49.373	0.5063
atan	D115	86	59236.628	29889.450	-29347.178	-49.542	0.5046
powf	D616	462	699855.958	352923.445	-346932.513	-49.572	0.5043
asinh	D57	56	25316.257	12757.424	-12558.833	-49.608	0.5039
neg	D462	461	33.165	16.674	-16.492	-49.726	0.5027
cos	D115	114	32619.164	16394.369	-16224.795	-49.740	0.5026
to_degrees	D1232	1231	60484.791	30391.058	-30093.733	-49.754	0.5025
exp	D57	56	19185.154	9627.754	-9557.400	-49.817	0.5018
asinh	D153	76	44059.327	22101.232	-21958.095	-49.838	0.5016
sin	D115	114	31444.305	15764.749	-15679.556	-49.865	0.5014
to_degrees	D462	0	1758.106	880.637	-877.468	-49.910	0.5009
to_radians	D616	154	4662.621	2317.966	-2344.656	-50.286	0.4971
exp	D115	57	27273.732	13518.415	-13755.317	-50.434	0.4957
cbrt	D307	76	12274.150	6072.803	-6201.347	-50.524	0.4948
acosh	D924	923	2705588.650	1337941.105	-1367647.545	-50.549	0.4945
atan	D38	37	28458.670	14035.844	-14422.826	-50.680	0.4932
acos	D115	57	51169.328	25222.371	-25946.957	-50.708	0.4929
powf	D924	693	1720285.600	846461.206	-873824.394	-50.795	0.4920
asin	D115	57	51425.204	25290.275	-26134.929	-50.821	0.4918
exp	D153	114	47265.673	23098.159	-24167.514	-51.131	0.4887
tan	D924	693	1337663.553	653163.095	-684500.458	-51.171	0.4883
atan	D1232	924	2967429.389	1446641.583	-1520787.806	-51.249	0.4875
asin	D1232	924	3088095.778	1504703.294	-1583392.484	-51.274	0.4873
sin	D924	693	1248485.275	607626.632	-640858.643	-51.331	0.4867
to_degrees	D462	461	8562.226	4167.080	-4395.146	-51.332	0.4867
cbrt	D462	115	22292.597	10822.867	-11469.730	-51.451	0.4855
acos	D1232	924	3089011.000	1499465.088	-1589545.912	-51.458	0.4854
powf	D924	462	1003287.740	485800.706	-517487.034	-51.579	0.4842
acos	D616	308	450342.401	217955.368	-232387.033	-51.602	0.4840
cos	D924	693	1266360.150	611245.250	-655114.900	-51.732	0.4827
sqrt	D230	57	3196.816	1539.885	-1656.931	-51.831	0.4817
tan	D230	172	93185.706	44814.824	-48370.882	-51.908	0.4809
to_radians	D616	308	7993.338	3843.602	-4149.737	-51.915	0.4809
neg	D462	231	23.083	11.068	-12.015	-52.051	0.4795
cbrt	D115	57	5128.027	2457.316	-2670.710	-52.081	0.4792
atan	D115	57	46833.453	22419.234	-24414.219	-52.130	0.4787
acosh	D462	461	570617.440	273150.263	-297467.176	-52.131	0.4787
asin	D616	308	449701.617	214924.178	-234777.439	-52.207	0.4779
atan	D616	308	420887.280	201087.157	-219800.123	-52.223	0.4778
asinh	D153	38	31173.702	14892.137	-16281.565	-52.229	0.4777
to_degrees	D1232	0	4695.656	2242.307	-2453.349	-52.247	0.4775
exp	D616	308	291661.149	139126.063	-152535.085	-52.299	0.4770
cos	D230	172	82973.549	39461.564	-43511.985	-52.441	0.4756
to_radians	D616	462	10112.755	4808.619	-5304.137	-52.450	0.4755
acos	D38	28	26191.541	12441.164	-13750.377	-52.499	0.4750
exp	D153	0	45.601	21.651	-23.950	-52.520	0.4748
cos	D153	114	41803.817	19846.332	-21957.486	-52.525	0.4747
tan	D76	75	23796.358	11278.036	-12518.322	-52.606	0.4739
sin	D230	172	82984.060	39201.513	-43782.547	-52.760	0.4724
to_radians	D230	172	3758.521	1772.750	-1985.771	-52.834	0.4717
cbrt	D230	57	9138.067	4304.073	-4833.995	-52.900	0.4710
cosh	D307	153	103132.647	48476.465	-54656.182	-52.996	0.4700
exp	D924	0	435.829	204.645	-231.184	-53.045	0.4696
sqrt	D115	57	1987.333	931.820	-1055.513	-53.112	0.4689
to_radians	D616	615	13513.740	6335.149	-7178.591	-53.121	0.4688
sinh	D307	153	103519.920	48505.789	-55014.131	-53.144	0.4686
exp	D76	75	25358.251	11801.538	-13556.713	-53.461	0.4654
asin	D38	28	26655.167	12387.396	-14267.772	-53.527	0.4647
tan	D616	308	301864.175	139980.939	-161883.236	-53.628	0.4637
rem	D153	0	44.843	20.739	-24.105	-53.753	0.4625
sin	D616	308	278301.340	128658.330	-149643.010	-53.770	0.4623
atanh	D924	462	1535944.794	709853.302	-826091.492	-53.784	0.4622
exp	D1232	924	1955208.308	902301.138	-1052907.170	-53.851	0.4615
to_degrees	D462	346	6853.527	3156.759	-3696.767	-53.940	0.4606
tanh	D307	153	109886.471	50570.714	-59315.758	-53.979	0.4602
powf	D1232	616	1856559.607	853076.375	-1003483.232	-54.051	0.4595
to_degrees	D115	0	753.505	345.560	-407.945	-54.140	0.4586
exp	D115	0	38.038	17.444	-20.595	-54.142	0.4586
sqrt	D57	56	1461.681	670.250	-791.431	-54.145	0.4585
asinh	D115	28	27571.225	12630.995	-14940.231	-54.188	0.4581
mul	D230	0	59.492	27.184	-32.307	-54.305	0.4569
asin	D924	462	981805.947	448592.825	-533213.121	-54.309	0.4569
tan	D76	57	20617.535	9417.689	-11199.846	-54.322	0.4568
to_degrees	D230	229	4048.492	1846.701	-2201.791	-54.385	0.4561
to_degrees	D115	114	1563.282	712.853	-850.430	-54.400	0.4560
neg	D230	0	12.864	5.864	-6.999	-54.412	0.4559
atanh	D1232	616	2814229.000	1281915.825	-1532313.175	-54.449	0.4555
neg	D230	57	12.887	5.863	-7.025	-54.509	0.4549
sin	D153	114	40605.995	18460.974	-22145.022	-54.536	0.4546
to_degrees	D307	306	5963.564	2707.888	-3255.676	-54.593	0.4541
cosh	D115	57	27021.018	12249.483	-14771.534	-54.667	0.4533
atan	D38	28	23723.487	10748.836	-12974.651	-54.691	0.4531
cos	D616	308	284291.678	128698.591	-155593.087	-54.730	0.4527
atanh	D307	230	335151.633	151601.618	-183550.015	-54.766	0.4523
acos	D924	462	982846.540	444545.923	-538300.617	-54.770	0.4523
cbrt	D76	0	1180.497	533.101	-647.397	-54.841	0.4516
atanh	D230	229	283431.050	127553.113	-155877.937	-54.997	0.4500
atan	D924	462	928375.303	417024.080	-511351.223	-55.080	0.4492
tan	D1232	924	2446488.182	1097898.891	-1348589.291	-55.123	0.4488
sinh	D115	57	27296.800	12221.261	-15075.539	-55.228	0.4477
exp	D115	86	41593.529	18612.472	-22981.057	-55.252	0.4475
atanh	D462	231	184597.933	82493.360	-102104.573	-55.312	0.4469
atan	D38	9	20100.816	8962.806	-11138.011	-55.411	0.4459
cbrt	D76	75	4275.063	1905.445	-2369.618	-55.429	0.4457
sin	D1232	924	2327643.409	1037125.020	-1290518.389	-55.443	0.4456
tanh	D115	57	28654.630	12764.808	-15889.821	-55.453	0.4455
asin	D153	76	60414.734	26864.492	-33550.241	-55.533	0.4447
to_degrees	D307	230	4898.196	2173.241	-2724.956	-55.632	0.4437
cos	D1232	924	2341194.591	1037008.800	-1304185.791	-55.706	0.4429
tan	D57	56	21373.025	9424.142	-11948.883	-55.906	0.4409
tan	D115	86	38919.487	17138.304	-21781.182	-55.965	0.4404
sqrt	D76	0	475.647	209.166	-266.481	-56.025	0.4398
acosh	D616	615	1179231.023	518469.943	-660761.080	-56.033	0.4397
cbrt	D38	19	17595.308	7707.738	-9887.570	-56.194	0.4381
exp	D76	57	22262.803	9735.608	-12527.195	-56.270	0.4373
to_degrees	D153	152	2331.899	1012.485	-1319.414	-56.581	0.4342
cos	D76	75	21578.134	9368.717	-12209.417	-56.582	0.4342
sqrt	D153	38	2564.818	1111.087	-1453.731	-56.680	0.4332
sin	D115	86	34669.636	15016.921	-19652.715	-56.686	0.4331
atanh	D616	308	718492.059	311005.613	-407486.446	-56.714	0.4329
sqrt	D38	37	7372.505	3190.469	-4182.036	-56.725	0.4328
cbrt	D616	154	32662.252	14129.084	-18533.168	-56.742	0.4326
to_degrees	D616	0	2686.128	1157.900	-1528.228	-56.893	0.4311
to_degrees	D153	114	1973.480	850.691	-1122.789	-56.894	0.4311
asinh	D76	19	16086.487	6933.443	-9153.044	-56.899	0.4310
sin	D76	75	20790.098	8951.149	-11838.949	-56.945	0.4305
acos	D153	76	62432.222	26748.986	-35683.236	-57.155	0.4284
sin	D18	4	9648.662	4118.929	-5529.733	-57.311	0.4269
exp	D924	462	668040.075	284837.604	-383202.470	-57.362	0.4264
cbrt	D57	0	814.834	346.140	-468.694	-57.520	0.4248
cbrt	D57	42	2679.778	1135.079	-1544.700	-57.643	0.4236
rem	D462	346	205.213	86.528	-118.685	-57.835	0.4216
asin	D153	0	12168.465	5118.832	-7049.634	-57.934	0.4207
acos	D153	0	12353.886	5181.793	-7172.093	-58.055	0.4194
cbrt	D1232	308	94376.915	39570.415	-54806.500	-58.072	0.4193
acosh	D1232	924	3433540.438	1429959.111	-2003581.326	-58.353	0.4165
asin	D38	0	10327.777	4291.654	-6036.123	-58.446	0.4155
atan	D153	76	50280.964	20877.408	-29403.556	-58.479	0.4152
cos	D115	86	35718.978	14807.515	-20911.463	-58.544	0.4146
to_degrees	D462	231	2805.164	1159.694	-1645.470	-58.659	0.4134
atan	D57	56	13070.279	5396.338	-7673.941	-58.713	0.4129
rem	D153	38	38.386	15.848	-22.538	-58.714	0.4129
tan	D115	57	30815.692	12715.692	-18100.000	-58.736	0.4126
acos	D38	0	10400.586	4286.871	-6113.714	-58.782	0.4122
sin	D76	57	17830.220	7323.927	-10506.294	-58.924	0.4108
atan	D153	0	10423.666	4270.840	-6152.826	-59.027	0.4097
cos	D57	56	23181.123	9473.974	-13707.150	-59.131	0.4087
sin	D57	56	23199.242	9466.481	-13732.762	-59.195	0.4081
div	D1232	616	9217.790	3758.724	-5459.066	-59.223	0.4078
sqrt	D57	0	432.237	175.616	-256.621	-59.370	0.4063
cos	D76	57	18319.925	7442.072	-10877.853	-59.377	0.4062
rem	D616	308	237.515	95.986	-141.529	-59.587	0.4041
cbrt	D924	231	59948.226	24207.185	-35741.040	-59.620	0.4038
rem	D462	231	120.606	48.654	-71.952	-59.659	0.4034
asin	D76	38	35163.206	14164.660	-20998.547	-59.717	0.4028
to_radians	D924	231	7492.684	3017.926	-4474.758	-59.722	0.4028
acosh	D924	693	1994971.731	802263.610	-1192708.121	-59.786	0.4021
asin	D230	115	102556.027	41194.017	-61362.010	-59.833	0.4017
acos	D76	38	35418.766	14201.796	-21216.971	-59.903	0.4010
cbrt	D76	38	2975.600	1192.633	-1782.967	-59.920	0.4008
acosh	D307	306	342294.384	136886.146	-205408.238	-60.009	0.3999
ln	D307	153	2585.721	1030.668	-1555.053	-60.140	0.3986
to_degrees	D230	172	3446.102	1371.749	-2074.353	-60.194	0.3981
div	D462	0	574.680	228.698	-345.981	-60.204	0.3980
exp	D153	76	37287.823	14801.136	-22486.686	-60.306	0.3969
sqrt	D76	57	1816.512	720.080	-1096.432	-60.359	0.3964
atan	D76	38	31178.672	12338.396	-18840.277	-60.427	0.3957
rem	D924	231	283.822	112.036	-171.786	-60.526	0.3947
atanh	D924	231	542342.028	213752.924	-328589.104	-60.587	0.3941
cosh	D153	76	37852.955	14910.452	-22942.503	-60.610	0.3939
rem	D1232	308	294.114	115.741	-178.373	-60.648	0.3935
rem	D924	693	296.909	116.596	-180.313	-60.730	0.3927
tan	D924	462	740999.429	290399.024	-450600.405	-60.810	0.3919
sqrt	D57	42	1957.396	764.679	-1192.717	-60.934	0.3907
to_degrees	D230	0	1287.932	503.092	-784.839	-60.938	0.3906
acos	D230	115	104481.514	40745.272	-63736.243	-61.002	0.3900
to_radians	D924	923	28991.135	11272.954	-17718.182	-61.116	0.3888
tanh	D153	76	39834.173	15486.585	-24347.588	-61.122	0.3888
to_degrees	D115	57	1683.168	654.130	-1029.038	-61.137	0.3886
cos	D924	462	696883.736	270258.310	-426625.426	-61.219	0.3878
to_degrees	D115	86	1961.769	759.930	-1201.839	-61.263	0.3874
sinh	D153	76	38460.211	14858.861	-23601.350	-61.366	0.3863
sin	D924	462	694904.920	267118.829	-427786.091	-61.560	0.3844
to_radians	D1232	308	11048.512	4238.058	-6810.454	-61.641	0.3836
to_degrees	D76	75	1213.095	464.444	-748.650	-61.714	0.3829
acos	D1232	616	1831066.036	700922.895	-1130143.140	-61.721	0.3828
asin	D57	42	38631.088	14767.697	-23863.391	-61.773	0.3823
asin	D1232	616	1832658.857	700108.131	-1132550.726	-61.798	0.3820
acos	D57	42	38777.100	14812.574	-23964.526	-61.801	0.3820
asin	D76	19	24496.975	9355.304	-15141.672	-61.810	0.3819
to_degrees	D57	56	1137.025	434.214	-702.811	-61.811	0.3819
acosh	D462	346	439844.717	167806.629	-272038.088	-61.849	0.3815
log	D307	0	41849.541	15912.257	-25937.283	-61.977	0.3802
atan	D1232	616	1743234.467	661574.207	-1081660.260	-62.049	0.3795
acos	D76	19	24745.556	9385.664	-15359.892	-62.071	0.3793
acosh	D616	462	831201.203	314417.524	-516783.679	-62.173	0.3783
exp	D76	19	16016.045	6052.344	-9963.701	-62.211	0.3779
asin	D307	153	156782.666	59229.501	-97553.165	-62.222	0.3778
acos	D307	153	157238.599	59337.224	-97901.375	-62.263	0.3774
to_degrees	D76	57	1143.243	430.250	-712.993	-62.366	0.3763
atan	D230	115	98718.061	37031.593	-61686.468	-62.488	0.3751
acosh	D1232	0	112604.496	42167.946	-70436.550	-62.552	0.3745
sin	D115	57	26438.127	9863.661	-16574.467	-62.692	0.3731
to_degrees	D76	0	535.464	199.561	-335.903	-62.731	0.3727
atan	D57	42	35589.331	13210.316	-22379.015	-62.881	0.3712
atanh	D1232	308	996048.558	368968.385	-627080.173	-62.957	0.3704
rem	D115	0	34.594	12.759	-21.835	-63.119	0.3688
cos	D115	57	27012.578	9960.955	-17051.624	-63.125	0.3688
acosh	D307	230	240212.803	88578.660	-151634.144	-63.125	0.3688
acosh	D924	0	90868.832	33493.000	-57375.832	-63.141	0.3686
asin	D115	0	12784.436	4709.353	-8075.084	-63.163	0.3684
log	D462	0	42867.056	15783.916	-27083.139	-63.179	0.3682
to_degrees	D924	0	4279.338	1572.895	-2706.443	-63.244	0.3676
asinh	D76	38	23788.832	8741.973	-15046.858	-63.252	0.3675
cbrt	D115	0	1377.139	505.548	-871.591	-63.290	0.3671
cos	D18	4	11638.877	4264.836	-7374.041	-63.357	0.3664
atan	D76	19	22500.200	8226.925	-14273.275	-63.436	0.3656
acos	D115	0	13079.898	4777.750	-8302.148	-63.473	0.3653
to_radians	D924	462	15784.814	5754.985	-10029.829	-63.541	0.3646
atan	D307	153	134269.525	48854.757	-85414.767	-63.614	0.3639
rem	D1232	924	362.448	131.534	-230.914	-63.710	0.3629
to_radians	D924	693	23552.718	8544.812	-15007.906	-63.720	0.3628
acosh	D616	0	61082.617	22155.563	-38927.054	-63.729	0.3627
sqrt	D76	38	2127.366	771.386	-1355.980	-63.740	0.3626
atan	D115	0	10814.589	3912.495	-6902.094	-63.822	0.3618
atanh	D230	172	214278.251	77450.997	-136827.255	-63.855	0.3615
to_degrees	D57	0	546.097	196.982	-349.115	-63.929	0.3607
acos	D57	28	30357.172	10934.361	-19422.811	-63.981	0.3602
sqrt	D115	28	1836.314	660.678	-1175.636	-64.022	0.3598
acos	D230	57	69248.739	24911.577	-44337.161	-64.026	0.3597
acosh	D230	229	207651.770	74626.362	-133025.407	-64.062	0.3594
exp	D1232	616	1224227.286	439803.976	-784423.310	-64.075	0.3593
hypot	D153	152	5838.275	2095.753	-3742.522	-64.103	0.3590
asin	D57	28	30359.794	10896.195	-19463.600	-64.110	0.3589
acosh	D924	462	1117284.696	400177.823	-717106.872	-64.183	0.3582
tan	D153	76	33231.872	11839.717	-21392.155	-64.372	0.3563
atanh	D153	152	151209.485	53798.854	-97410.631	-64.421	0.3558
acosh	D462	231	138160.840	48998.086	-89162.755	-64.535	0.3546
cbrt	D18	9	16399.970	5805.679	-10594.291	-64.599	0.3540
to_radians	D1232	924	34848.198	12321.092	-22527.106	-64.644	0.3536
cbrt	D38	9	16399.576	5785.226	-10614.350	-64.723	0.3528
tan	D76	19	13888.004	4896.942	-8991.062	-64.740	0.3526
cbrt	D76	57	3848.069	1354.085	-2493.985	-64.811	0.3519
cbrt	D57	56	3024.979	1057.732	-1967.248	-65.033	0.3497
to_degrees	D307	153	4150.683	1451.209	-2699.475	-65.037	0.3496
exp	D307	153	98759.288	34488.665	-64270.623	-65.078	0.3492
div	D924	462	6433.584	2244.610	-4188.974	-65.111	0.3489
div	D115	0	157.734	54.875	-102.859	-65.210	0.3479
atan	D57	28	27376.826	9501.118	-17875.707	-65.295	0.3470
acosh	D1232	616	2048990.462	710472.781	-1338517.680	-65.326	0.3467
log	D153	0	23544.791	8135.561	-15409.230	-65.446	0.3455
hypot	D924	693	71934.467	24829.034	-47105.432	-65.484	0.3452
asinh	D57	28	21059.835	7265.095	-13794.740	-65.503	0.3450
asin	D230	57	69535.751	23987.114	-45548.637	-65.504	0.3450
sin	D153	76	28551.299	9833.230	-18718.069	-65.559	0.3444
div	D924	0	1248.006	428.671	-819.336	-65.652	0.3435
tan	D1232	616	1419707.861	487376.325	-932331.536	-65.671	0.3433
rem	D462	461	244.029	83.143	-160.885	-65.929	0.3407
atanh	D616	154	334253.454	113623.098	-220630.357	-66.007	0.3399
asinh	D57	42	26262.574	8923.949	-17338.625	-66.020	0.3398
sqrt	D76	19	818.765	277.397	-541.368	-66.120	0.3388
sin	D1232	616	1337016.579	452440.033	-884576.546	-66.160	0.3384
hypot	D115	114	3229.455	1092.616	-2136.839	-66.167	0.3383
to_radians	D1232	616	25064.980	8468.565	-16596.415	-66.214	0.3379
to_degrees	D616	615	16549.395	5558.128	-10991.267	-66.415	0.3359
acosh	D616	308	534318.754	179427.048	-354891.707	-66.419	0.3358
div	D1232	308	4640.044	1557.148	-3082.896	-66.441	0.3356
to_degrees	D307	76	3396.442	1139.574	-2256.868	-66.448	0.3355
acos	D38	9	22769.694	7636.963	-15132.731	-66.460	0.3354
sqrt	D57	28	1450.493	486.438	-964.055	-66.464	0.3354
asin	D38	9	22714.521	7617.492	-15097.029	-66.464	0.3354
cos	D1232	616	1346735.816	451140.388	-895595.428	-66.501	0.3350
mul	D153	0	50.330	16.840	-33.490	-66.541	0.3346
atanh	D115	114	89923.104	30050.596	-59872.508	-66.582	0.3342
asin	D462	115	123392.123	41233.034	-82159.089	-66.584	0.3342
div	D1232	0	1443.518	482.206	-961.312	-66.595	0.3340
acos	D38	19	22373.899	7442.829	-14931.070	-66.734	0.3327
asin	D38	19	22229.044	7391.637	-14837.407	-66.748	0.3325
div	D616	0	779.262	258.751	-520.512	-66.795	0.3320
acosh	D924	231	393727.827	130366.572	-263361.255	-66.889	0.3311
acos	D462	115	123526.080	40768.190	-82757.891	-66.996	0.3300
hypot	D616	615	48316.641	15934.730	-32381.911	-67.020	0.3298
tan	D307	153	87258.719	28700.147	-58558.572	-67.109	0.3289
to_degrees	D153	76	1869.760	614.319	-1255.441	-67.144	0.3286
tan	D76	38	19897.489	6509.648	-13387.840	-67.284	0.3272
atanh	D153	114	111394.848	36293.728	-75101.119	-67.419	0.3258
div	D230	0	295.208	95.995	-199.213	-67.482	0.3252
rem	D76	38	26.809	8.713	-18.096	-67.500	0.3250
cos	D76	19	12132.601	3934.771	-8197.830	-67.569	0.3243
to_degrees	D462	115	4039.078	1303.601	-2735.477	-67.725	0.3227
sin	D76	19	11405.614	3680.434	-7725.180	-67.731	0.3227
tan	D230	115	68252.156	22022.291	-46229.865	-67.734	0.3227
atanh	D307	153	242358.835	77972.021	-164386.814	-67.828	0.3217
atan	D230	57	65756.772	21064.318	-44692.453	-67.966	0.3203
cbrt	D57	14	1854.092	593.873	-1260.219	-67.970	0.3203
div	D307	0	407.900	130.406	-277.495	-68.030	0.3197
hypot	D230	229	9991.267	3189.147	-6802.120	-68.081	0.3192
cos	D153	76	29792.731	9475.583	-20317.148	-68.195	0.3181
hypot	D307	306	17694.054	5597.478	-12096.576	-68.365	0.3163
acos	D153	38	45487.083	14343.970	-31143.112	-68.466	0.3153
exp	D230	115	68628.594	21612.706	-47015.888	-68.508	0.3149
sin	D307	153	77363.641	24264.597	-53099.044	-68.636	0.3136
hypot	D1232	616	66103.190	20730.697	-45372.493	-68.639	0.3136
tan	D57	42	22397.586	7014.994	-15382.592	-68.680	0.3132
rem	D616	154	264.026	81.795	-182.231	-69.020	0.3098
hypot	D76	38	2238.013	691.653	-1546.360	-69.095	0.3090
cos	D307	153	81839.564	25136.057	-56703.507	-69.286	0.3071
asinh	D57	14	17607.441	5404.398	-12203.043	-69.306	0.3069
acosh	D1232	308	713079.795	218864.021	-494215.774	-69.307	0.3069
atan	D38	19	20061.275	6156.719	-13904.556	-69.310	0.3069
to_degrees	D616	462	13233.523	4059.723	-9173.799	-69.322	0.3068
log	D230	0	33529.354	10276.316	-23253.038	-69.351	0.3065
cbrt	D76	19	2488.515	761.895	-1726.620	-69.384	0.3062
to_degrees	D76	19	1042.542	318.029	-724.513	-69.495	0.3051
hypot	D76	75	2954.240	899.098	-2055.142	-69.566	0.3043
asin	D924	231	352193.327	106642.542	-245550.784	-69.720	0.3028
atanh	D462	115	187899.937	56832.850	-131067.087	-69.754	0.3025
to_degrees	D924	923	33279.296	10042.044	-23237.251	-69.825	0.3018
acosh	D153	152	110632.804	33376.762	-77256.042	-69.831	0.3017
to_degrees	D230	115	3133.401	945.240	-2188.161	-69.833	0.3017
sin	D230	115	60930.722	18317.157	-42613.564	-69.938	0.3006
asin	D153	38	47629.898	14252.852	-33377.046	-70.076	0.2992
cbrt	D57	28	2401.257	716.313	-1684.943	-70.169	0.2983
mul	D76	0	18.921	5.639	-13.282	-70.196	0.2980
div	D153	0	228.397	68.033	-160.364	-70.213	0.2979
acos	D924	231	352774.630	104954.057	-247820.572	-70.249	0.2975
to_degrees	D230	57	2645.066	785.962	-1859.104	-70.286	0.2971
tan	D57	28	18305.318	5438.215	-12867.102	-70.292	0.2971
exp	D76	38	22786.979	6751.315	-16035.663	-70.372	0.2963
acos	D57	14	28470.260	8420.125	-20050.136	-70.425	0.2958
atan	D924	231	331185.041	97814.694	-233370.347	-70.465	0.2953
cos	D57	42	18321.319	5391.867	-12929.452	-70.571	0.2943
hypot	D616	462	36617.373	10771.810	-25845.564	-70.583	0.2942
asin	D57	14	28449.169	8349.200	-20099.969	-70.652	0.2935
rem	D462	115	248.582	72.850	-175.732	-70.694	0.2931
sqrt	D38	28	5600.149	1638.753	-3961.396	-70.737	0.2926
to_degrees	D153	38	1702.642	496.815	-1205.828	-70.821	0.2918
acosh	D230	172	158845.950	46333.205	-112512.744	-70.831	0.2917
atan	D153	38	43081.914	12500.805	-30581.109	-70.984	0.2902
acos	D307	76	94240.073	27338.198	-66901.875	-70.991	0.2901
div	D1232	1231	27382.157	7894.861	-19487.296	-71.168	0.2883
sqrt	D57	14	714.780	205.833	-508.947	-71.203	0.2880
cos	D230	115	62705.438	18014.554	-44690.885	-71.271	0.2873
asin	D307	76	94090.567	26962.162	-67128.404	-71.344	0.2866
hypot	D924	923	99771.300	28541.341	-71229.959	-71.393	0.2861
acosh	D616	154	248877.193	71010.136	-177867.057	-71.468	0.2853
acosh	D115	114	68590.291	19545.812	-49044.479	-71.504	0.2850
rem	D57	0	28.381	8.087	-20.294	-71.504	0.2850
atan	D462	115	115439.260	32668.658	-82770.601	-71.701	0.2830
cos	D76	38	18284.281	5153.721	-13130.560	-71.813	0.2819
atan	D57	14	25225.710	7086.481	-18139.229	-71.908	0.2809
acosh	D153	114	83997.152	23547.757	-60449.395	-71.966	0.2803
hypot	D153	76	3752.564	1050.366	-2702.198	-72.009	0.2799
hypot	D230	172	8202.295	2293.797	-5908.498	-72.035	0.2797
hypot	D115	86	3856.307	1075.730	-2780.577	-72.105	0.2790
log	D115	0	27142.378	7570.908	-19571.469	-72.107	0.2789
sin	D76	38	17429.031	4853.549	-12575.483	-72.153	0.2785
hypot	D1232	1231	182303.133	50756.417	-131546.717	-72.158	0.2784
atan	D307	76	86620.544	24111.677	-62508.866	-72.164	0.2784
acosh	D307	0	45565.225	12638.057	-32927.168	-72.264	0.2774
tan	D230	57	43721.624	12089.516	-31632.108	-72.349	0.2765
exp	D924	231	247900.906	68478.090	-179422.815	-72.377	0.2762
sin	D57	42	19238.969	5303.645	-13935.325	-72.433	0.2757
to_degrees	D616	308	11029.257	3028.359	-8000.898	-72.542	0.2746
atanh	D307	76	145188.665	39852.614	-105336.051	-72.551	0.2745
acosh	D462	0	45538.257	12466.547	-33071.710	-72.624	0.2738
log	D76	0	16406.199	4487.188	-11919.011	-72.649	0.2735
atanh	D115	86	100364.801	27442.155	-72922.646	-72.658	0.2734
div	D616	154	2204.419	601.390	-1603.029	-72.719	0.2728
acos	D115	28	40267.513	10976.522	-29290.990	-72.741	0.2726
hypot	D57	56	2319.692	630.556	-1689.137	-72.817	0.2718
hypot	D462	461	33281.276	9036.565	-24244.711	-72.848	0.2715
asin	D230	0	17321.512	4702.783	-12618.729	-72.850	0.2715
rem	D307	230	180.132	48.832	-131.300	-72.891	0.2711
rem	D76	0	35.070	9.507	-25.563	-72.893	0.2711
exp	D462	115	80410.792	21789.108	-58621.685	-72.903	0.2710
acos	D230	0	17451.212	4726.753	-12724.459	-72.914	0.2709
tan	D57	14	15296.064	4140.411	-11155.653	-72.932	0.2707
asin	D115	28	40379.459	10911.336	-29468.124	-72.978	0.2702
asin	D616	154	220060.452	59424.241	-160636.211	-72.996	0.2700
atan	D616	154	200875.587	54240.356	-146635.230	-72.998	0.2700
atan	D1232	308	589969.376	159218.010	-430751.366	-73.012	0.2699
cos	D57	28	16102.779	4344.434	-11758.346	-73.021	0.2698
hypot	D616	308	22868.286	6164.301	-16703.985	-73.044	0.2696
acos	D616	154	220002.830	59233.256	-160769.573	-73.076	0.2692
div	D616	462	6544.544	1761.950	-4782.595	-73.078	0.2692
div	D76	0	152.835	41.078	-111.757	-73.122	0.2688
asin	D1232	308	624674.752	167748.732	-456926.019	-73.146	0.2685
acos	D1232	308	626151.416	167913.345	-458238.071	-73.183	0.2682
cos	D230	57	38720.538	10372.678	-28347.860	-73.211	0.2679
ln	D616	308	6980.555	1865.538	-5115.016	-73.275	0.2672
rem	D1232	1231	459.425	122.776	-336.649	-73.276	0.2672
div	D115	114	754.699	201.411	-553.288	-73.312	0.2669
hypot	D307	153	7996.513	2132.069	-5864.444	-73.338	0.2666
atan	D230	0	14683.915	3897.143	-10786.772	-73.460	0.2654
acosh	D153	0	24922.657	6607.413	-18315.244	-73.488	0.2651
rem	D57	14	27.139	7.163	-19.976	-73.608	0.2639
to_degrees	D924	693	28432.561	7497.805	-20934.757	-73.630	0.2637
log	D57	0	17126.351	4496.867	-12629.484	-73.743	0.2626
atanh	D230	115	157084.748	41188.513	-115896.236	-73.779	0.2622
hypot	D924	462	43353.924	11343.070	-32010.854	-73.836	0.2616
div	D616	615	8552.405	2232.909	-6319.496	-73.891	0.2611
div	D307	153	1371.738	356.697	-1015.041	-73.997	0.2600
tan	D924	231	256243.026	66555.967	-189687.059	-74.026	0.2597
div	D924	923	17117.295	4442.448	-12674.847	-74.047	0.2595
to_degrees	D115	28	1836.411	475.707	-1360.704	-74.096	0.2590
hypot	D307	230	12493.670	3236.247	-9257.423	-74.097	0.2590
acosh	D462	115	141553.433	36578.762	-104974.672	-74.159	0.2584
atan	D115	28	36388.884	9367.272	-27021.612	-74.258	0.2574
hypot	D153	114	5225.440	1343.837	-3881.603	-74.283	0.2572
to_degrees	D76	38	1203.520	308.647	-894.873	-74.355	0.2565
sin	D57	28	15684.388	4015.040	-11669.348	-74.401	0.2560
exp	D616	154	134286.199	34326.131	-99960.068	-74.438	0.2556
acosh	D115	86	70833.229	18099.405	-52733.823	-74.448	0.2555
hypot	D1232	924	107787.908	27528.523	-80259.385	-74.460	0.2554
cos	D57	14	13020.430	3322.269	-9698.161	-74.484	0.2552
hypot	D230	115	5954.539	1518.460	-4436.079	-74.499	0.2550
sin	D924	231	235459.411	59946.697	-175512.714	-74.541	0.2546
div	D307	306	3738.791	950.096	-2788.695	-74.588	0.2541
exp	D1232	308	430060.234	109133.857	-320926.377	-74.624	0.2538
atanh	D76	75	59316.232	15018.630	-44297.602	-74.680	0.2532
hypot	D57	42	2735.442	692.360	-2043.083	-74.689	0.2531
rem	D307	306	190.854	48.199	-142.655	-74.746	0.2525
exp	D230	57	49926.658	12605.690	-37320.967	-74.752	0.2525
atanh	D115	57	75748.900	19098.968	-56649.933	-74.786	0.2521
rem	D616	615	307.792	77.471	-230.321	-74.830	0.2517
acosh	D307	153	186957.383	47054.685	-139902.698	-74.831	0.2517
to_degrees	D616	154	6931.807	1742.635	-5189.173	-74.860	0.2514
sin	D230	57	38318.937	9590.625	-28728.312	-74.972	0.2503
cos	D924	231	238939.095	59722.541	-179216.554	-75.005	0.2499
mul	D57	0	16.990	4.223	-12.767	-75.144	0.2486
hypot	D462	346	25739.851	6386.921	-19352.930	-75.187	0.2481
to_degrees	D1232	924	43359.089	10755.289	-32603.800	-75.195	0.2481
tan	D616	154	136760.992	33776.938	-102984.054	-75.302	0.2470
acosh	D307	76	105931.746	26154.981	-79776.765	-75.310	0.2469
tan	D1232	308	450037.788	111055.293	-338982.494	-75.323	0.2468
tan	D153	38	27376.607	6754.517	-20622.090	-75.327	0.2467
sin	D1232	308	412285.491	101402.358	-310883.132	-75.405	0.2460
to_degrees	D57	14	1188.461	291.332	-897.128	-75.487	0.2451
sin	D57	14	12696.510	3094.408	-9602.102	-75.628	0.2437
sin	D616	154	120899.759	29412.644	-91487.115	-75.672	0.2433
div	D57	0	145.497	35.311	-110.186	-75.731	0.2427
cos	D616	154	125031.029	30326.677	-94704.352	-75.745	0.2426
hypot	D153	38	2877.513	696.242	-2181.272	-75.804	0.2420
div	D924	231	3899.587	942.365	-2957.222	-75.834	0.2417
exp	D153	38	29042.815	6899.073	-22143.742	-76.245	0.2375
tan	D307	76	60417.483	14230.868	-46186.616	-76.446	0.2355
rem	D924	923	400.238	94.218	-306.020	-76.460	0.2354
hypot	D462	231	9577.812	2243.257	-7334.555	-76.579	0.2342
tan	D115	28	23923.059	5600.537	-18322.523	-76.589	0.2341
atanh	D153	76	93758.643	21907.526	-71851.117	-76.634	0.2337
to_degrees	D57	42	1321.669	306.828	-1014.842	-76.785	0.2322
acosh	D115	57	57392.396	13262.056	-44130.340	-76.892	0.2311
hypot	D115	57	2699.909	621.379	-2078.530	-76.985	0.2301
atanh	D76	57	51387.661	11783.215	-39604.446	-77.070	0.2293
acos	D307	0	21614.532	4948.470	-16666.062	-77.106	0.2289
to_degrees	D57	28	1315.320	300.314	-1015.006	-77.168	0.2283
acosh	D230	0	36467.523	8323.547	-28143.976	-77.175	0.2282
atanh	D57	56	51770.812	11805.375	-39965.438	-77.197	0.2280
to_degrees	D924	462	20805.382	4740.102	-16065.280	-77.217	0.2278
atanh	D230	57	102946.443	23439.985	-79506.458	-77.231	0.2277
exp	D307	76	64930.896	14739.686	-50191.209	-77.299	0.2270
rem	D230	172	162.355	36.822	-125.532	-77.320	0.2268
div	D57	14	220.632	49.175	-171.457	-77.712	0.2229
cos	D1232	308	458088.163	102042.534	-356045.629	-77.724	0.2228
acosh	D230	115	120450.275	26800.235	-93650.040	-77.750	0.2225
div	D230	229	2638.368	586.239	-2052.129	-77.780	0.2222
div	D462	461	6476.210	1437.679	-5038.531	-77.801	0.2220
acosh	D76	75	45838.232	10166.503	-35671.729	-77.821	0.2218
div	D462	115	1846.398	409.486	-1436.912	-77.822	0.2218
cos	D153	38	24148.176	5318.178	-18829.998	-77.977	0.2202
rem	D230	229	164.946	36.258	-128.688	-78.018	0.2198
to_degrees	D1232	616	32800.903	7203.685	-25597.219	-78.038	0.2196
acos	D462	0	22180.439	4866.476	-17313.963	-78.060	0.2194
hypot	D76	57	2770.434	607.414	-2163.020	-78.075	0.2192
to_degrees	D924	231	10427.909	2281.473	-8146.436	-78.121	0.2188
asin	D462	0	21972.642	4802.588	-17170.054	-78.143	0.2186
cos	D462	115	73544.514	16063.194	-57481.320	-78.159	0.2184
asin	D307	0	21545.955	4705.129	-16840.826	-78.162	0.2184
exp	D57	42	24407.111	5319.833	-19087.278	-78.204	0.2180
cos	D307	76	54392.464	11826.916	-42565.548	-78.256	0.2174
atan	D307	0	18003.805	3909.458	-14094.348	-78.285	0.2171
hypot	D616	154	11124.055	2415.060	-8708.995	-78.290	0.2171
tan	D462	115	82393.700	17822.673	-64571.027	-78.369	0.2163
sin	D153	38	23268.102	5021.068	-18247.034	-78.421	0.2158
acosh	D153	76	67673.184	14563.371	-53109.813	-78.480	0.2152
acosh	D76	57	39043.907	8398.120	-30645.787	-78.491	0.2151
div	D115	57	510.375	109.518	-400.857	-78.542	0.2146
exp	D115	28	29680.617	6368.508	-23312.109	-78.543	0.2146
hypot	D307	76	5075.594	1086.063	-3989.531	-78.602	0.2140
ln	D924	462	13413.403	2852.717	-10560.686	-78.732	0.2127
sin	D307	76	53451.566	11359.484	-42092.082	-78.748	0.2125
div	D462	346	5259.139	1104.305	-4154.834	-79.002	0.2100
div	D115	86	908.024	190.290	-717.734	-79.043	0.2096
div	D1232	924	19989.819	4161.511	-15828.308	-79.182	0.2082
acosh	D76	0	17812.198	3701.591	-14110.607	-79.219	0.2078
acosh	D115	0	29246.143	6075.037	-23171.105	-79.228	0.2077
div	D230	115	1096.263	227.033	-869.231	-79.290	0.2071
log	D76	19	23622.828	4849.611	-18773.218	-79.471	0.2053
rem	D307	153	214.471	44.029	-170.442	-79.471	0.2053
hypot	D1232	308	24577.992	5027.549	-19550.443	-79.545	0.2046
to_degrees	D1232	308	15945.768	3245.033	-12700.735	-79.650	0.2035
exp	D57	14	17466.426	3549.186	-13917.240	-79.680	0.2032
acosh	D57	56	40173.041	8151.605	-32021.436	-79.709	0.2029
div	D924	693	13789.276	2796.015	-10993.261	-79.723	0.2028
div	D616	308	5231.262	1057.553	-4173.708	-79.784	0.2022
div	D307	230	2973.132	601.041	-2372.091	-79.784	0.2022
acosh	D57	0	18374.767	3701.012	-14673.756	-79.858	0.2014
sin	D462	115	74769.228	15042.106	-59727.122	-79.882	0.2012
atanh	D153	38	67374.383	13539.759	-53834.624	-79.904	0.2010
cos	D115	28	21989.722	4404.914	-17584.808	-79.968	0.2003
acosh	D230	57	79887.429	15909.747	-63977.681	-80.085	0.1992
acosh	D76	19	25667.913	5097.953	-20569.960	-80.139	0.1986
div	D307	76	1114.647	219.535	-895.112	-80.305	0.1970
atanh	D76	19	33293.724	6533.445	-26760.279	-80.376	0.1962
atanh	D115	28	60649.275	11901.470	-48747.806	-80.377	0.1962
sin	D115	28	21022.552	4115.261	-16907.292	-80.425	0.1958
acosh	D115	28	44653.530	8652.436	-36001.093	-80.623	0.1938
rem	D307	76	208.851	40.137	-168.714	-80.782	0.1922
powf	D307	76	99034.056	18910.931	-80123.125	-80.905	0.1910
sqrt	D153	0	671.650	127.685	-543.964	-80.989	0.1901
log	D115	28	43135.820	8148.913	-34986.907	-81.109	0.1889
div	D115	28	436.728	82.312	-354.416	-81.153	0.1885
acosh	D153	38	52342.259	9816.618	-42525.640	-81.245	0.1875
exp	D57	28	21526.213	4036.871	-17489.342	-81.247	0.1875
div	D153	76	769.298	143.264	-626.034	-81.377	0.1862
div	D153	152	1734.108	318.645	-1415.463	-81.625	0.1838
log	D307	76	100545.687	18316.622	-82229.065	-81.783	0.1822
cbrt	D230	0	3052.662	554.083	-2498.579	-81.849	0.1815
atanh	D1232	0	42556.270	7704.821	-34851.449	-81.895	0.1811
cbrt	D153	0	2018.339	361.774	-1656.565	-82.076	0.1792
div	D230	172	2248.963	402.979	-1845.983	-82.082	0.1792
ln	D1232	616	22330.436	3998.507	-18331.930	-82.094	0.1791
powf	D115	57	53757.536	9525.973	-44231.563	-82.280	0.1772
log	D115	57	53068.191	9337.948	-43730.243	-82.404	0.1760
powf	D115	28	46003.208	8049.940	-37953.267	-82.501	0.1750
div	D57	28	393.948	68.517	-325.431	-82.608	0.1739
powf	D153	38	48792.936	8459.326	-40333.610	-82.663	0.1734
atanh	D616	0	22875.605	3957.095	-18918.510	-82.702	0.1730
div	D76	38	440.252	76.076	-364.176	-82.720	0.1728
powf	D76	19	25444.674	4388.607	-21056.066	-82.752	0.1725
div	D230	57	899.643	154.229	-745.414	-82.857	0.1714
div	D76	19	385.832	65.917	-319.915	-82.916	0.1708
asin	D616	0	31298.745	5342.994	-25955.751	-82.929	0.1707
hypot	D462	115	8849.335	1508.232	-7341.103	-82.957	0.1704
log	D153	38	48898.591	8320.023	-40578.569	-82.985	0.1701
powf	D115	86	64756.885	10963.514	-53793.372	-83.070	0.1693
div	D462	231	2565.804	432.503	-2133.301	-83.144	0.1686
acos	D616	0	32030.422	5371.197	-26659.224	-83.231	0.1677
asinh	D57	0	12.649	2.109	-10.540	-83.325	0.1667
atan	D616	0	26781.056	4444.992	-22336.064	-83.402	0.1660
div	D57	56	644.588	106.872	-537.716	-83.420	0.1658
atanh	D924	0	34484.398	5712.948	-28771.451	-83.433	0.1657
log	D616	154	239583.702	39664.645	-199919.058	-83.444	0.1656
hypot	D924	231	17641.767	2908.410	-14733.358	-83.514	0.1649
hypot	D230	57	4471.224	735.693	-3735.531	-83.546	0.1645
div	D76	75	805.177	132.326	-672.851	-83.566	0.1643
div	D57	42	618.626	100.162	-518.464	-83.809	0.1619
powf	D230	57	76251.965	12323.596	-63928.369	-83.838	0.1616
atan	D462	0	18553.153	2984.594	-15568.559	-83.913	0.1609
rem	D230	115	200.420	32.131	-168.289	-83.968	0.1603
powf	D115	114	60591.347	9700.884	-50890.463	-83.990	0.1601
log	D230	57	75174.466	12024.836	-63149.630	-84.004	0.1600
rem	D230	57	202.439	32.234	-170.204	-84.077	0.1592
asinh	D76	0	14.044	2.223	-11.822	-84.173	0.1583
div	D153	38	685.792	108.413	-577.380	-84.192	0.1581
powf	D153	114	75420.676	11797.022	-63623.654	-84.358	0.1564
atanh	D76	38	51183.418	7974.514	-43208.904	-84.420	0.1558
powf	D76	57	35067.955	5445.831	-29622.124	-84.471	0.1553
sqrt	D115	0	746.054	115.117	-630.936	-84.570	0.1543
log	D924	231	376545.580	57964.030	-318581.550	-84.606	0.1539
sqrt	D230	0	976.618	150.169	-826.450	-84.624	0.1538
atanh	D57	42	55720.438	8529.463	-47190.975	-84.692	0.1531
powf	D57	56	35828.118	5474.700	-30353.418	-84.720	0.1528
atanh	D57	28	45158.216	6896.234	-38261.982	-84.729	0.1527
log	D462	115	133391.229	20326.424	-113064.805	-84.762	0.1524
cbrt	D307	0	3792.471	577.208	-3215.263	-84.780	0.1522
sqrt	D616	0	1620.633	246.512	-1374.121	-84.789	0.1521
log	D115	86	68360.392	10386.893	-57973.499	-84.806	0.1519
powf	D153	76	63568.450	9563.763	-54004.687	-84.955	0.1504
log	D57	14	27930.937	4138.725	-23792.212	-85.182	0.1482
div	D153	114	1634.183	238.996	-1395.186	-85.375	0.1462
powf	D76	75	40224.366	5878.954	-34345.413	-85.385	0.1462
acosh	D76	38	39126.869	5706.450	-33420.420	-85.416	0.1458
powf	D57	14	27426.522	3995.628	-23430.894	-85.432	0.1457
acosh	D57	28	34007.933	4952.357	-29055.576	-85.438	0.1456
acosh	D57	42	42017.853	6101.132	-35916.720	-85.480	0.1452
div	D76	57	731.650	105.572	-626.078	-85.571	0.1443
rem	D153	114	139.457	20.059	-119.398	-85.616	0.1438
ln	D18	4	2103.257	300.625	-1802.633	-85.707	0.1429
atanh	D153	0	8669.745	1238.490	-7431.255	-85.715	0.1429
powf	D307	230	209772.829	29741.112	-180031.717	-85.822	0.1418
powf	D230	115	105237.256	14919.214	-90318.042	-85.823	0.1418
rem	D153	152	142.082	20.047	-122.035	-85.890	0.1411
ln	D462	0	8260.623	1165.466	-7095.158	-85.891	0.1411
acosh	D57	14	30557.095	4310.263	-26246.831	-85.894	0.1411
atanh	D462	0	15740.121	2206.618	-13533.503	-85.981	0.1402
powf	D153	152	93180.738	13032.053	-80148.685	-86.014	0.1399
log	D76	57	36587.153	5093.342	-31493.812	-86.079	0.1392
atanh	D57	14	39409.795	5467.369	-33942.426	-86.127	0.1387
log	D57	56	37660.260	5215.164	-32445.095	-86.152	0.1385
ln	D307	306	72593.228	10051.977	-62541.251	-86.153	0.1385
ln	D1232	0	21494.835	2968.118	-18526.718	-86.191	0.1381
atanh	D307	0	15472.278	2130.181	-13342.097	-86.232	0.1377
log	D153	76	65160.636	8876.617	-56284.019	-86.377	0.1362
powf	D307	153	154700.522	20949.959	-133750.563	-86.458	0.1354
powf	D230	172	143054.617	19222.323	-123832.294	-86.563	0.1344
log	D115	114	65593.168	8654.884	-56938.284	-86.805	0.1319
log	D57	28	32801.568	4324.416	-28477.152	-86.816	0.1318
powf	D57	28	32809.869	4302.609	-28507.259	-86.886	0.1311
log	D153	114	81471.197	10658.812	-70812.385	-86.917	0.1308
powf	D76	38	34804.967	4543.184	-30261.783	-86.947	0.1305
ln	D616	0	11595.787	1511.183	-10084.604	-86.968	0.1303
log	D1232	308	689827.618	89669.231	-600158.387	-87.001	0.1300
sqrt	D307	0	1153.759	146.770	-1006.988	-87.279	0.1272
log	D76	75	42398.802	5381.709	-37017.093	-87.307	0.1269
sqrt	D462	0	1500.764	189.368	-1311.396	-87.382	0.1262
cbrt	D462	0	4939.203	621.778	-4317.426	-87.411	0.1259
log	D230	115	111736.577	13890.907	-97845.671	-87.568	0.1243
powf	D230	229	179293.619	22093.836	-157199.783	-87.677	0.1232
powf	D57	42	36916.403	4519.326	-32397.077	-87.758	0.1224
log	D307	153	175147.252	21360.663	-153786.589	-87.804	0.1220
powf	D307	306	287724.776	34317.546	-253407.230	-88.073	0.1193
log	D76	38	36855.148	4364.365	-32490.783	-88.158	0.1184
exp	D76	0	27.983	3.203	-24.780	-88.554	0.1145
ln	D924	0	17559.066	2000.318	-15558.748	-88.608	0.1139
atanh	D115	0	9372.975	1053.370	-8319.605	-88.762	0.1124
atan	D924	0	40666.903	4555.438	-36111.465	-88.798	0.1120
asin	D924	0	48355.281	5389.864	-42965.417	-88.854	0.1115
acos	D924	0	49050.747	5466.025	-43584.722	-88.856	0.1114
log	D307	230	229866.311	25313.818	-204552.493	-88.988	0.1101
log	D616	308	505592.002	55658.806	-449933.196	-88.991	0.1101
log	D153	152	106385.496	11624.998	-94760.498	-89.073	0.1093
log	D57	42	40102.997	4377.476	-35725.521	-89.084	0.1092
atanh	D230	0	12464.927	1358.773	-11106.155	-89.099	0.1090
sqrt	D924	0	2270.013	246.976	-2023.037	-89.120	0.1088
exp	D57	0	26.071	2.810	-23.261	-89.223	0.1078
rem	D115	86	131.429	14.059	-117.370	-89.303	0.1070
log	D462	231	131640.232	13959.630	-117680.602	-89.396	0.1060
rem	D115	57	133.643	14.063	-119.581	-89.478	0.1052
atanh	D76	0	5856.371	611.276	-5245.095	-89.562	0.1044
log	D230	172	151057.571	15697.828	-135359.743	-89.608	0.1039
ln	D57	14	4322.753	437.911	-3884.841	-89.870	0.1013
ln	D462	115	27522.857	2751.054	-24771.803	-90.004	0.1000
atanh	D57	0	6374.126	624.609	-5749.517	-90.201	0.0980
log	D924	462	1076356.562	104316.322	-972040.241	-90.308	0.0969
rem	D115	114	97.022	9.246	-87.776	-90.470	0.0953
ln	D76	0	3032.611	280.971	-2751.640	-90.735	0.0926
cbrt	D1232	0	13327.315	1215.442	-12111.873	-90.880	0.0912
ln	D76	19	5270.087	478.976	-4791.111	-90.911	0.0909
log	D230	229	194674.965	17662.484	-177012.481	-90.927	0.0907
asin	D1232	0	59295.386	5257.495	-54037.891	-91.133	0.0887
rem	D153	76	181.177	15.970	-165.208	-91.186	0.0881
acos	D1232	0	60126.772	5295.865	-54830.907	-91.192	0.0881
atan	D1232	0	50200.927	4383.964	-45816.963	-91.267	0.0873
sqrt	D1232	0	3069.356	267.830	-2801.526	-91.274	0.0873
log	D307	306	329953.591	28191.911	-301761.681	-91.456	0.0854
ln	D57	0	3228.577	274.671	-2953.907	-91.493	0.0851
ln	D115	86	11961.089	1011.316	-10949.773	-91.545	0.0846
log	D1232	616	1991132.538	166221.674	-1824910.864	-91.652	0.0835
rem	D76	19	114.485	9.513	-104.972	-91.691	0.0831
rem	D76	75	120.711	9.837	-110.874	-91.851	0.0815
ln	D307	0	8048.357	650.999	-7397.358	-91.911	0.0809
ln	D76	57	7864.232	632.781	-7231.450	-91.954	0.0805
rem	D76	57	122.892	9.837	-113.055	-91.996	0.0800
to_radians	D18	4	2008.395	157.556	-1850.839	-92.155	0.0784
ln	D76	75	8390.931	650.921	-7740.010	-92.243	0.0776
log	D616	462	800245.376	60968.513	-739276.862	-92.381	0.0762
ln	D153	0	4472.654	338.751	-4133.902	-92.426	0.0757
ln	D57	56	8329.324	624.869	-7704.455	-92.498	0.0750
cbrt	D616	0	7103.880	525.243	-6578.638	-92.606	0.0739
ln	D230	0	6505.383	474.488	-6030.895	-92.706	0.0729
rem	D115	28	172.399	12.445	-159.954	-92.782	0.0722
ln	D57	28	6044.943	436.028	-5608.915	-92.787	0.0721
rem	D57	56	114.774	8.090	-106.684	-92.951	0.0705
log	D924	693	1924317.308	133900.647	-1790416.661	-93.042	0.0696
log	D462	346	423866.460	29465.753	-394400.707	-93.048	0.0695
ln	D76	38	6583.913	442.167	-6141.746	-93.284	0.0672
ln	D57	42	6976.474	440.898	-6535.576	-93.680	0.0632
log	D616	615	1143717.409	71381.807	-1072335.602	-93.759	0.0624
log	D462	461	545892.690	33756.105	-512136.585	-93.816	0.0618
ln	D153	114	17504.228	1081.382	-16422.846	-93.822	0.0618
ln	D115	0	4793.012	286.988	-4506.024	-94.012	0.0599
log	D1232	924	3345641.250	200245.633	-3145395.617	-94.015	0.0599
ln	D153	152	23241.277	1357.817	-21883.460	-94.158	0.0584
ln	D115	28	7649.134	435.828	-7213.306	-94.302	0.0570
log	D924	923	2629134.600	149064.831	-2480069.769	-94.330	0.0567
ln	D115	114	15065.734	831.061	-14234.673	-94.484	0.0552
hypot	D76	19	1334.388	73.048	-1261.340	-94.526	0.0547
cbrt	D924	0	10947.307	574.589	-10372.718	-94.751	0.0525
ln	D153	38	8982.240	463.529	-8518.711	-94.839	0.0516
log	D1232	1231	5655025.300	269505.182	-5385520.118	-95.234	0.0477
rem	D57	28	163.187	7.165	-156.021	-95.609	0.0439
ln	D230	229	40076.219	1730.061	-38346.158	-95.683	0.0432
rem	D57	42	166.428	7.166	-159.262	-95.694	0.0431
hypot	D57	14	975.208	39.935	-935.273	-95.905	0.0410
ln	D230	57	15194.668	606.209	-14588.458	-96.010	0.0399
ln	D230	172	33817.197	1347.923	-32469.275	-96.014	0.0399
sin	D1232	0	10688.588	408.037	-10280.550	-96.182	0.0382
tanh	D76	19	164736.856	6204.980	-158531.876	-96.233	0.0377
cosh	D76	19	164068.694	6149.557	-157919.137	-96.252	0.0375
sinh	D76	19	164447.763	6131.319	-158316.444	-96.272	0.0373
ln	D462	461	139008.870	5140.307	-133868.562	-96.302	0.0370
ln	D462	346	116008.465	4131.596	-111876.869	-96.439	0.0356
hypot	D57	28	1911.207	67.281	-1843.925	-96.480	0.0352
cosh	D57	14	152278.133	5360.618	-146917.515	-96.480	0.0352
ln	D307	76	18658.143	656.343	-18001.800	-96.482	0.0352
sinh	D57	14	155550.988	5283.575	-150267.413	-96.603	0.0340
tanh	D57	14	157110.469	5319.559	-151790.910	-96.614	0.0339
tanh	D57	28	216453.557	7291.549	-209162.007	-96.631	0.0337
sin	D462	0	3892.574	128.302	-3764.271	-96.704	0.0330
cosh	D57	28	217307.347	6975.727	-210331.620	-96.790	0.0321
tanh	D76	38	242355.706	7718.061	-234637.645	-96.815	0.0318
sinh	D57	28	218931.204	6959.057	-211972.148	-96.821	0.0318
tanh	D57	56	353224.129	11187.448	-342036.682	-96.833	0.0317
tanh	D57	42	258062.635	8167.421	-249895.214	-96.835	0.0316
sinh	D57	56	348231.956	10874.105	-337357.851	-96.877	0.0312
tanh	D115	28	394605.821	12263.482	-382342.338	-96.892	0.0311
cosh	D76	38	237021.819	7365.159	-229656.660	-96.893	0.0311
hypot	D462	0	2489.191	77.334	-2411.857	-96.893	0.0311
cosh	D57	56	350925.803	10841.675	-340084.128	-96.911	0.0309
hypot	D115	28	2362.571	72.968	-2289.604	-96.912	0.0309
cosh	D115	28	384568.119	11875.617	-372692.502	-96.912	0.0309
sinh	D76	38	241116.301	7377.729	-233738.572	-96.940	0.0306
ln	D307	230	44958.394	1372.062	-43586.332	-96.948	0.0305
tanh	D76	57	368281.314	11217.762	-357063.552	-96.954	0.0305
sinh	D57	42	257983.786	7839.703	-250144.083	-96.961	0.0304
cosh	D57	42	257790.385	7830.330	-249960.055	-96.963	0.0304
sinh	D115	28	388519.565	11713.943	-376805.621	-96.985	0.0302
sinh	D76	57	366532.436	10893.104	-355639.332	-97.028	0.0297
sinh	D76	75	434235.193	12845.580	-421389.612	-97.042	0.0296
tanh	D76	75	445298.302	13139.509	-432158.793	-97.049	0.0295
cosh	D76	75	435547.365	12815.795	-422731.570	-97.058	0.0294
tanh	D115	0	187395.667	5458.254	-181937.413	-97.087	0.0291
cosh	D76	57	376970.267	10852.709	-366117.558	-97.121	0.0288
tanh	D76	0	99444.357	2853.109	-96591.248	-97.131	0.0287
cos	D1232	0	14325.709	408.778	-13916.931	-97.147	0.0285
tanh	D115	114	868629.604	24559.064	-844070.540	-97.173	0.0283
sin	D616	0	5774.174	161.630	-5612.544	-97.201	0.0280
tanh	D57	0	101275.973	2827.729	-98448.244	-97.208	0.0279
ln	D616	154	50131.200	1383.153	-48748.047	-97.241	0.0276
cosh	D115	114	858530.958	23655.782	-834875.176	-97.245	0.0276
hypot	D924	0	4256.809	116.655	-4140.153	-97.260	0.0274
sinh	D115	114	863239.647	23543.296	-839696.350	-97.273	0.0273
tan	D462	0	7159.730	188.209	-6971.522	-97.371	0.0263
hypot	D57	0	639.685	16.549	-623.136	-97.413	0.0259
cos	D462	0	5143.703	129.384	-5014.319	-97.485	0.0252
hypot	D76	0	691.708	17.288	-674.421	-97.501	0.0250
sinh	D115	86	939641.465	23332.483	-916308.981	-97.517	0.0248
tanh	D230	229	3442654.688	85294.289	-3357360.398	-97.522	0.0248
tanh	D115	86	943297.269	23364.213	-919933.056	-97.523	0.0248
hypot	D616	0	2998.867	73.906	-2924.960	-97.536	0.0246
sinh	D230	229	3436106.000	84251.426	-3351854.574	-97.548	0.0245
cosh	D230	229	3487206.812	83904.304	-3403302.508	-97.594	0.0241
cosh	D115	86	964835.691	22960.932	-941874.759	-97.620	0.0238
hypot	D307	0	1816.798	42.223	-1774.574	-97.676	0.0232
tanh	D1232	1231	125256074.500	2865238.556	-122390835.944	-97.712	0.0229
cosh	D1232	1231	125102876.500	2852443.222	-122250433.278	-97.720	0.0228
sinh	D1232	1231	125216337.500	2853662.333	-122362675.167	-97.721	0.0228
hypot	D115	0	981.730	22.084	-959.645	-97.750	0.0225
cosh	D153	152	1744016.567	38529.892	-1705486.675	-97.791	0.0221
hypot	D153	0	1053.563	23.134	-1030.430	-97.804	0.0220
tanh	D153	152	1800188.357	39232.562	-1760955.795	-97.821	0.0218
sin	D924	0	8801.984	191.716	-8610.268	-97.822	0.0218
cos	D616	0	7725.949	168.275	-7557.674	-97.822	0.0218
sinh	D153	152	1801052.071	39081.508	-1761970.563	-97.830	0.0217
cosh	D153	114	1125844.913	24388.523	-1101456.390	-97.834	0.0217
ln	D924	231	78614.872	1698.009	-76916.863	-97.840	0.0216
tanh	D153	114	1165480.545	24603.168	-1140877.377	-97.889	0.0211
sinh	D153	114	1159450.023	24099.845	-1135350.178	-97.921	0.0208
sin	D307	0	3783.213	76.936	-3706.277	-97.966	0.0203
tan	D1232	0	19606.088	397.933	-19208.155	-97.970	0.0203
hypot	D230	0	1454.037	29.294	-1424.743	-97.985	0.0201
cos	D924	0	11613.776	228.921	-11384.855	-98.029	0.0197
hypot	D1232	0	5448.176	107.148	-5341.028	-98.033	0.0197
tanh	D230	172	2469151.364	48172.495	-2420978.869	-98.049	0.0195
tanh	D307	230	4487088.917	85981.098	-4401107.818	-98.084	0.0192
sinh	D230	172	2463273.045	47017.129	-2416255.917	-98.091	0.0191
cosh	D230	172	2478999.182	47239.433	-2431759.749	-98.094	0.0191
sinh	D307	230	4477835.333	84779.104	-4393056.229	-98.107	0.0189
cosh	D307	230	4480454.000	84721.339	-4395732.661	-98.109	0.0189
tanh	D462	346	8938320.333	166836.918	-8771483.416	-98.133	0.0187
cosh	D462	346	8916935.000	164511.829	-8752423.171	-98.155	0.0184
sinh	D462	346	8930436.667	164744.030	-8765692.637	-98.155	0.0184
tanh	D307	306	6813922.500	124210.278	-6689712.222	-98.177	0.0182
cosh	D307	306	6750910.375	122720.099	-6628190.276	-98.182	0.0182
sinh	D307	306	6809975.500	122732.572	-6687242.928	-98.198	0.0180
tanh	D462	231	2605696.300	46100.031	-2559596.269	-98.231	0.0177
tanh	D462	461	14374519.750	248657.863	-14125861.887	-98.270	0.0173
ln	D1232	308	141056.310	2430.418	-138625.892	-98.277	0.0172
sinh	D462	461	14383599.750	246600.942	-14136998.808	-98.286	0.0171
cosh	D462	461	14469327.250	245690.004	-14223637.246	-98.302	0.0170
cosh	D462	231	2690390.500	45511.661	-2644878.839	-98.308	0.0169
tanh	D153	38	466417.600	7860.265	-458557.335	-98.315	0.0169
sinh	D462	231	2655761.450	44204.350	-2611557.100	-98.336	0.0166
sin	D230	0	2949.709	48.823	-2900.886	-98.345	0.0166
cos	D307	0	4954.160	81.683	-4872.476	-98.351	0.0165
cosh	D153	38	454979.594	7473.854	-447505.741	-98.357	0.0164
sinh	D153	38	463602.119	7517.119	-456085.000	-98.379	0.0162
tanh	D230	57	878803.722	14125.850	-864677.872	-98.393	0.0161
tanh	D153	0	198783.124	3088.699	-195694.425	-98.446	0.0155
tanh	D230	115	1471993.618	22834.228	-1449159.390	-98.449	0.0155
sinh	D230	57	876141.037	13460.396	-862680.642	-98.464	0.0154
sinh	D230	115	1467767.028	22528.653	-1445238.375	-98.465	0.0153
cosh	D230	57	876658.967	13381.047	-863277.919	-98.474	0.0153
cosh	D230	115	1467685.667	22325.567	-1445360.100	-98.479	0.0152
tan	D616	0	10315.138	156.272	-10158.866	-98.485	0.0151
hypot	D38	37	8450.110	107.717	-8342.392	-98.725	0.0127
tanh	D924	693	48388893.500	612095.891	-47776797.609	-98.735	0.0126
cosh	D924	693	48343155.500	607949.133	-47735206.367	-98.742	0.0126
sinh	D924	693	48360201.500	608096.068	-47752105.432	-98.743	0.0126
tanh	D1232	616	35844442.500	448935.436	-35395507.064	-98.748	0.0125
sinh	D1232	616	35799694.000	446081.131	-35353612.869	-98.754	0.0125
tanh	D1232	924	73472594.500	914337.305	-72558257.195	-98.756	0.0124
cosh	D1232	924	73422564.000	910867.805	-72511696.195	-98.759	0.0124
ln	D616	462	212886.475	2640.260	-210246.215	-98.760	0.0124
cos	D230	0	3945.095	48.839	-3896.256	-98.762	0.0124
sinh	D1232	924	73419689.500	908607.358	-72511082.142	-98.762	0.0124
cosh	D1232	616	36067602.000	446352.972	-35621249.028	-98.762	0.0124
tanh	D924	923	75459435.500	917275.374	-74542160.126	-98.784	0.0122
cosh	D924	923	75368209.500	909139.578	-74459069.922	-98.794	0.0121
tanh	D616	615	34519706.500	415351.490	-34104355.010	-98.797	0.0120
sinh	D924	923	75399140.500	901325.166	-74497815.334	-98.805	0.0120
tanh	D230	0	242260.400	2892.342	-239368.059	-98.806	0.0119
cosh	D616	615	34490907.000	411534.646	-34079372.354	-98.807	0.0119
sinh	D616	615	34507986.500	410899.094	-34097087.406	-98.809	0.0119
tanh	D462	115	2002006.000	23831.751	-1978174.249	-98.810	0.0119
hypot	D38	28	6426.902	75.397	-6351.505	-98.827	0.0117
sinh	D462	115	1995671.808	23364.653	-1972307.155	-98.829	0.0117
cosh	D462	115	1994732.231	22924.221	-1971808.010	-98.851	0.0115
sin	D153	0	1965.370	22.507	-1942.863	-98.855	0.0115
tanh	D307	76	1449164.083	16499.668	-1432664.415	-98.861	0.0114
sinh	D307	76	1446140.588	16013.850	-1430126.738	-98.893	0.0111
cosh	D307	76	1450696.417	15890.760	-1434805.657	-98.905	0.0110
tanh	D1232	308	10526685.000	114683.829	-10412001.171	-98.911	0.0109
sinh	D1232	308	10508480.833	113522.629	-10394958.205	-98.920	0.0108
tan	D307	0	7017.607	74.622	-6942.985	-98.937	0.0106
cosh	D1232	308	10665018.500	113121.149	-10551897.351	-98.939	0.0106
ln	D616	615	323168.310	3411.930	-319756.380	-98.944	0.0106
tanh	D616	462	25983918.000	272443.727	-25711474.273	-98.951	0.0105
tanh	D924	462	28055437.500	291290.865	-27764146.635	-98.962	0.0104
sinh	D616	462	25959008.000	269085.322	-25689922.678	-98.963	0.0104
cosh	D616	462	26023422.500	268770.995	-25754651.505	-98.967	0.0103
sinh	D924	462	28009069.500	288956.270	-27720113.230	-98.968	0.0103
cosh	D924	462	27991012.000	288157.663	-27702854.337	-98.971	0.0103
tanh	D616	308	14181963.750	144298.125	-14037665.625	-98.983	0.0102
tanh	D462	0	328317.114	3329.484	-324987.630	-98.986	0.0101
cosh	D616	308	14061131.000	141206.957	-13919924.043	-98.996	0.0100
sinh	D616	308	14155603.750	141644.537	-14013959.213	-98.999	0.0100
tan	D924	0	16084.054	157.328	-15926.727	-99.022	0.0098
tanh	D307	0	324650.336	3145.914	-321504.422	-99.031	0.0097
tanh	D924	231	7497118.875	69506.479	-7427612.396	-99.073	0.0093
sinh	D924	231	7479179.375	68864.788	-7410314.587	-99.079	0.0092
cosh	D924	231	7564060.500	68709.649	-7495350.851	-99.092	0.0091
tan	D230	0	5486.457	47.269	-5439.189	-99.138	0.0086
sin	D115	0	2039.262	17.450	-2021.811	-99.144	0.0086
cos	D153	0	2699.799	22.431	-2677.368	-99.169	0.0083
ln	D924	693	486505.132	3543.433	-482961.699	-99.272	0.0073
tanh	D1232	0	614372.710	4406.740	-609965.969	-99.283	0.0072
cos	D115	0	2767.231	17.444	-2749.787	-99.370	0.0063
sinh	D616	154	6008781.200	37114.855	-5971666.345	-99.382	0.0062
ln	D924	923	693144.703	4278.707	-688865.995	-99.383	0.0062
cosh	D616	154	5913005.100	36166.091	-5876839.009	-99.388	0.0061
tanh	D616	154	6024733.300	36702.233	-5988031.067	-99.391	0.0061
tanh	D924	0	691084.115	4103.877	-686980.238	-99.406	0.0059
tan	D153	0	3796.050	22.265	-3773.786	-99.413	0.0059
tanh	D616	0	688439.999	3782.317	-684657.682	-99.451	0.0055
ln	D1232	924	881406.159	4583.252	-876822.907	-99.480	0.0052
ln	D1232	1231	1450524.889	6483.972	-1444040.917	-99.553	0.0045
tan	D115	0	4031.176	17.454	-4013.721	-99.567	0.0043
acos	D18	0	1874.410	7.266	-1867.145	-99.612	0.0039
sin	D76	0	1396.713	3.870	-1392.843	-99.723	0.0028
sin	D57	0	1400.117	2.787	-1397.330	-99.801	0.0020
cos	D76	0	1761.561	3.141	-1758.421	-99.822	0.0018
cos	D57	0	1760.548	2.810	-1757.738	-99.840	0.0016
tan	D76	0	2643.213	4.218	-2638.995	-99.840	0.0016
tan	D57	0	2817.771	3.168	-2814.603	-99.888	0.0011
sinh	D1232	0	608662.808	413.723	-608249.086	-99.932	0.0007
cosh	D1232	0	607505.438	396.895	-607108.543	-99.935	0.0007
cosh	D462	0	325398.115	131.017	-325267.098	-99.960	0.0004
sinh	D462	0	325307.883	126.064	-325181.819	-99.961	0.0004
sinh	D924	0	684494.969	203.491	-684291.477	-99.970	0.0003
cosh	D924	0	683152.331	201.042	-682951.289	-99.971	0.0003
cosh	D307	0	321977.071	82.487	-321894.584	-99.974	0.0003
cosh	D616	0	680872.387	168.952	-680703.435	-99.975	0.0002
sinh	D307	0	321738.024	76.643	-321661.381	-99.976	0.0002
sinh	D616	0	680532.482	161.435	-680371.047	-99.976	0.0002
sinh	D230	0	240010.219	49.627	-239960.591	-99.979	0.0002
cosh	D230	0	238111.242	48.781	-238062.461	-99.980	0.0002
sinh	D76	0	98343.166	12.113	-98331.052	-99.988	0.0001
sinh	D57	0	100219.175	12.208	-100206.967	-99.988	0.0001
cosh	D153	0	195012.128	21.611	-194990.517	-99.989	0.0001
sinh	D153	0	197314.333	20.754	-197293.579	-99.989	0.0001
sinh	D115	0	185707.312	10.283	-185697.030	-99.994	0.0001
cosh	D115	0	188352.304	9.969	-188342.335	-99.995	0.0001
cosh	D76	0	100174.820	3.169	-100171.651	-99.997	0.0000
cosh	D57	0	103561.583	2.476	-103559.107	-99.998	0.0000
